"univ","scopus_public","scopus_qoutes","from","to","mean","link","price","year","rate_place","rate_sort","region","amountOfBudget","AmountOfBacalavr","total_apps","total_per_place","budg_per_place","QtoP","totalStudents","scopus_per_student","ranking_2017","ranking_2011","rank4"
"Азовський морський інститут Національного університету «Одеська морська академія»",,,105.666666666667,191.333333333333,143.9,"http://ami.edu.ua/ua/",15000,,,500,"Донецька область",22,115,377,3,17,0,115,,121,117,-4
"Академія Державної пенітенціарної служби",,,101,181.333333333333,132.9,"http://academy.kvs.gov.ua",10333,,,500,"Чернігівська область",151,185,267,1,2,0,293,,263,,
"Академія праці, соціальних відносин і туризму",,,103.666666666667,180.666666666667,133.1,,11666,,"158, 159",158,"м. Київ",,183,1157,6,,0,282,,260,227,-33
"Барська філія Глухівського національного педагогічного університету імені Олександра Довженка",,,0,0,0,"http://new.gnpu.edu.ua/uk/",12000,,,500,"Вінницька область",,30,36,1,,0,30,,362,,
"Бердянський державний педагогічний університет",,,101.5,186.333333333333,136.7,"http://bdpu.org/sites/bdpu.org/files/vartist.pdf",9200,,"115",115,"Запорізька область",227,1022,1131,1,5,0,1881,,210,202,-8
"Білоцерківська філія Вищого навчального закладу ""Одеська державна академія технічного регулювання та якості""",,,,,,,,,,,,,30,41,1,,0,30,,363,,
"Білоцерківський інститут економіки та управління вищого навчального закладу «Відкритий міжнародний університет розвитку людини «Україна»",,,112,158.666666666667,128.7,"http://bc-uu.com.ua",10700,,,500,"Київська область",,46,143,3,,0,74,,303,315,12
"Білоцерківський інститут неперервної професійної освіти",,,,,,,,,,,,,13,14,1,,0,51,,364,,
"Білоцерківський коледж фінансів, обліку та аудиту Національної академії статистики, обліку та аудиту",,,0,0,0,"https://bfdasoa.com.ua/",10000,,,500,"Київська область",,32,39,1,,0,32,,365,,
"Білоцерківський національний аграрний університет",0,2,102.666666666667,191.333333333333,136.6,"http://btsau.edu.ua",11912,,"145",145,"Київська область",487,1142,3230,3,7,-1,2127,0,211,204,-7
"Бурштинський енергетичний коледж Івано-Франківського національного технічного університету нафти і газу",,,0,0,0,"http://bek.if.ua",,,,500,"Івано-Франківська область",35,91,162,2,5,0,91,,366,,
"Вищий державний навчальний заклад України ""Буковинський державний медичний університет""",33,89,114.666666666667,196.333333333333,162.154285714286,"https://www.bsmu.edu.ua/",19228,,"34,35",34,"Чернівецька область",,525,5791,11.0304761904762,,2.6969696969697,525,62.8571428571429,19,25,6
"Вищий державний навчальний заклад України ""Українська медична стоматологічна академія""",22,53,109.666666666667,196,156.755868544601,"http://umsa.edu.ua",22090,,,,"Полтавська область",,639,3953,6.18622848200313,,2.40909090909091,639,34.4287949921753,33,23,-10
"Вищий навчальний заклад ""Відкритий міжнародний університет розвитку людини ""Україна""",1,10,103,184,130,"http://ab.uu.edu.ua/",7400,2016,"147, 148",147,"м. Київ",,399,1646,4,,10,604,1.65562913907285,290,295,5
"Вищий навчальний заклад ""Київська Академія перукарського мистецтва""",,,106.5,168.5,130,"http://kapi.com.ua/",15600,,"184",184,"м. Київ",,45,65,1,,0,45,,289,,
"Вищий навчальний заклад ""Київський університет ринкових відносин"" у формі товариства з обмеженою відповідальністю",,,109.333333333333,146.666666666667,125.4,"http://kumr.edu.ua",12397,,"230",230,"м. Київ",,116,359,3,,0,186,,330,326,-4
"Вищий навчальний заклад ""Міжнародний технологічний університет ""Миколаївська політехніка""",,,100.333333333333,123,112.6,"http://mpi.mk.ua/",7140,,"270",270,"Миколаївська область",,74,143,2,,0,74,,360,,
"Вищий навчальний заклад ""Одеська державна академія технічного регулювання та якості""",12,7,124,161.666666666667,138.7,"http://kachestvo.od.ua",8150,,"228, 229",228,"Одеська область",31,125,580,5,19,0.6,234,51.2820512820513,189,376,187
"Вищий навчальний заклад ""Приватне акціонерне товариство ""Волинський інститут економіки та менеджменту""",,,0,0,0,"http://viem.edu.ua",10000,,"214",214,"Волинська область",,2,64,32,,0,2,,367,279,-88
"Вищий навчальний заклад ""Приватне акціонерне товариство ""Львівський інститут менеджменту""",,,113.666666666667,183.333333333333,140.1,"http://www.lim.lviv.ua",12500,,"198",198,"Львівська область",,28,243,9,,0,50,,170,155,-15
"Вищий навчальний заклад ""Український католицький університет""",,,129.666666666667,198.666666666667,177.5,"https://ucu.edu.ua/",29000,,"124",124,"Львівська область",,321,1278,4,,0,604,,2,36,34
"Вищий навчальний заклад ""Університет економіки та права ""КРОК""",1,2,103,186,133.8,"http://www.krok.edu.ua",14620,,"73",73,"м. Київ",,414,3035,7,,2,488,2.04918032786885,248,230,-18
"Вищий навчальний заклад ""Університет імені Альфреда Нобеля""",2,1,100.666666666667,196,143,"http://abit.duan.edu.ua/uk/",13740,,"103",103,"Дніпропетровська область",,788,3814,5,,0.5,1356,1.47492625368732,133,,
"Вищий навчальний заклад Інститут реклами (у формі товариства з обмеженою відповідальністю)",,,109.5,169,136,"http://ir.edu.ua",9250,,"258",258,"м. Київ",,23,91,4,,0,50,,225,419,194
"Вищий навчальний заклад Укоопспілки ""Полтавський університет економіки і торгівлі""",26,27,102.333333333333,191,137.3,"http://puet.edu.ua/",9445,,"165",165,"Полтавська область",,1262,3009,2,,1,2137,12.1665886757136,201,234,33
"Вищий навчальний комунальний заклад Львівської обласної ради ""Львівський інститут медсестринства та лабораторної медицини  ім. Андрея Крупинського""",,,112.666666666667,182,160.3,"http://limilm.lviv.ua/vstup",10700,,,500,"Львівська область",43,50,455,9,11,0,50,,22,,
"Вищий навчальний приватний заклад «Дніпропетровський гуманітарний університет»",,,102,177.333333333333,130.3,"http://dgu.com.ua",11466,,"238, 239",238,"Дніпропетровська область",,150,1479,10,,0,150,,286,316,30
"Відокремлений підрозділ ""Дніпровський факультет Київського національного університету культури і мистецтв""",,,,,,,,,,,,,20,20,1,,0,20,,368,,
"Відокремлений підрозділ ""Дніпровський факультет менеджменту і бізнесу Київського університету культури""",,,101,184.5,129.3,,,,,500,"Дніпропетровська область",,230,337,1,,0,230,,295,,
"Відокремлений підрозділ ""Львівська філія Київського національного університету культури і мистецтв""",,,114,182.666666666667,148.5,"http://lfknukim.info/",,,,500,"Львівська область",51,100,101,1,2,0,100,,70,,
"Відокремлений підрозділ ""Львівський факультет менеджменту і бізнесу Київського університету культури""",,,106.333333333333,163.5,131.2,,,,,500,"Львівська область",,151,282,2,,0,151,,281,,
"Відокремлений підрозділ ""Миколаївська філія Київського національного університету культури і мистецтв""",,,104.5,185.666666666667,137.6,"http://www.mfknukim.mk.ua/",,,,500,"Миколаївська область",86,243,245,1,3,0,243,,198,,
"Відокремлений підрозділ ""Миколаївський факультет менеджменту і бізнесу Київського університету культури""",,,102,176.5,127.1,,,,,500,"Миколаївська область",,253,441,2,,0,253,,322,,
"Відокремлений підрозділ «Кадіївський педагогічний коледж Луганського національного університету імені Тараса Шевченка»",,,,,,,,,,,,,8,10,1,,0,8,,369,,
"Відокремлений підрозділ Національного університету біоресурсів і природокористування України ""Бережанський агротехнічний інститут""",,,100,167.333333333333,132.8,"http://www.bati.nubip.edu.ua/index.php/ua/",17165,,,500,"Тернопільська область",66,304,519,2,8,0,529,,265,289,24
"Відокремлений підрозділ Національного університету біоресурсів і природокористування України ""Немішаївський агротехнічний коледж""",,,,,,,,,,,,60,87,87,1,1,0,87,,370,,
"Відокремлений підрозділ Національного університету біоресурсів і природокористування України ""Ніжинський агротехнічний інститут""",,,103.666666666667,170.333333333333,129.9,"http://ti.org.ua/",17165,,,500,"Чернігівська область",59,151,342,2,6,0,243,,291,305,14
"Відокремлений структурний підрозділ ""Інститут інноваційної освіти Київського національного університету будівництва і архітектури""",,,144,144,144,"http://www.knuba.edu.ua/",13500,,,500,"м. Київ",,9,697,77,,0,9,,117,,
"Відокремлений структурний підрозділ Навчально-науковий інститут підприємництва та перспективних технологій Національного університету ""Львівська політехніка""",,,120.333333333333,163.333333333333,142.1,"http://ippt.lp.edu.ua",13692,,,500,"Львівська область",,137,343,3,,0,174,,140,,
"Відокремлений структурний підрозділ Національного авіаційного університету ""Кіровоградська льотна академія Національного авіаційного університету""",,,106,190,149.2,"http://www.glau.kr.ua",11981,,,500,"Кіровоградська область",71,135,277,2,4,0,328,,66,179,113
"Вінницька філія Приватного вищого навчального закладу «Київський інститут бізнесу та технологій» товариство з обмеженою відповідальністю",,,0,0,0,"http://kibit.edu.ua/ru/where/vinnitsa/",10500,,,500,"Вінницька область",,13,34,3,,0,13,,371,,
"Вінницька філія Приватного вищого навчального закладу «Університет сучасних знань»",,,106.333333333333,118,113.2,"http://usz.vn.ua",8200,,,500,"Вінницька область",,34,74,2,,0,34,,358,,
"Вінницький державний педагогічний університет імені Михайла Коцюбинського",,,101,192.333333333333,144.9,"http://www.vspu.edu.ua",9323,,"149",149,"Вінницька область",375,1092,5213,5,14,0,1999,,108,74,-34
"Вінницький кооперативний інститут",,,121.666666666667,148.333333333333,134.2,"http://www.vki.vin.ua/",13000,,"235",235,"Вінницька область",,79,302,4,,0,94,,246,285,39
"Вінницький навчально-науковий інститут економіки Тернопільського національного економічного університету",,,105.333333333333,181.666666666667,136.3,"http://www.vie.vin.ua/",,,,500,"Вінницька область",14,179,634,4,45,0,299,,219,,
"Вінницький національний аграрний університет",,,100.333333333333,186.666666666667,135.3,"http://www.vsau.org",8625,,"118",118,"Вінницька область",298,1544,7777,5,26,0,2624,,231,151,-80
"Вінницький національний медичний університет ім. М. І. Пирогова",2,24,102.666666666667,198.666666666667,162.993230174081,"https://www.vnmu.edu.ua/",26000,,,,"Вінницька область",,1034,9711,9.39168278529981,,12,1034,1.93423597678917,15,9,-6
"Вінницький національний технічний університет",93,204,102.333333333333,192,149.3,"http://vntu.edu.ua",9100,,"23",23,"Вінницька область",495,953,6127,6,12,2.2,1870,49.7326203208556,63,68,5
"Вінницький соціально-економічний інститут Вищого навчального закладу ""Відкритий міжнародний університет розвитку людини ""Україна""",,,110.666666666667,144.333333333333,127.1,"http://vn.vmurol.com.ua",8775,,,500,"Вінницька область",,56,298,5,,0,149,,321,335,14
"Вінницький торговельно - економічний інститут Київського національного торговельно - економічного університету",,,105.333333333333,189,141.9,"http://www.vtei.com.ua",10087,,,500,"Вінницька область",57,1066,4281,4,75,0,1580,,143,55,-88
"Волинська православна богословська академія Української православної церкви Київського патріархату",,,,,,,,,,,,,4,5,1,,0,4,,372,,
"Волинський інститут імені В'ячеслава Липинського Приватного акціонерного товариства ""Вищий навчальний заклад ""Міжрегіональна Академія управління персоналом""",,,110,125.333333333333,116,"http://volyn.maup.com.ua",10380,,,500,"Волинська область",,4,21,5,,0,4,,355,,
"Вугледарський коледж Донецького державного університету управління",,,,,,,,,,,,,10,13,1,,0,10,,373,,
"Глухівський агротехнічний інститут імені С.А. Ковпака Сумського національного аграрного університету",,,,,,,,,,,,56,124,131,1,2,0,124,,374,,
"Глухівський національний педагогічний університет імені Олександра Довженка",,,105,182,136,"http://new.gnpu.edu.ua/",12000,,"192, 193",192,"Сумська область",305,438,1103,3,4,0,939,,224,252,28
"Горлівський інститут іноземних мов Державного вищого навчального закладу ""Донбаський державний педагогічний університет""",,,103.5,189.333333333333,143.7,"-",12419,,,500,"Донецька область",156,223,558,3,4,0,326,,123,118,-5
"Горлівський регіональний інститут вищого навчального закладу ""Відкритий міжнародний університет розвитку людини ""Україна""",,,0,0,0,"http://griuu.org",11500,,,500,"Донецька область",,13,16,1,,0,22,,375,404,29
"Державний вищий навчальний заклад ""Донбаський державний педагогічний університет""",,,104,181.333333333333,136,"http://www.slavdpu.dn.ua/",12419,,"180",180,"Донецька область",308,668,1717,3,6,0,947,,223,,
"Державний вищий навчальний заклад ""Донецький національний технічний університет""",49,252,101.333333333333,183.333333333333,137,"http://donntu.edu.ua",13600,,"17",17,"Донецька область",288,510,1712,3,6,5.1,793,61.7906683480454,206,116,-90
"Державний вищий навчальний заклад ""Івано-Франківський національний медичний університет""",,95,109.666666666667,197.333333333333,162.942206654991,"http://www.ifnmu.edu.ua",20783,,"62",62,"Івано-Франківська область",,571,5873,10.2854640980736,,,571,,16,14,-2
"Державний вищий навчальний заклад ""Київський національний економічний університет імені Вадима Гетьмана""",25,13,103.666666666667,197.666666666667,160.1,"http://kneu.edu.ua",21300,,"30",30,"м. Київ",678,2540,19601,8,29,0.5,3792,6.59282700421941,25,4,-21
"Державний вищий навчальний заклад ""Криворізький державний педагогічний університет""",,,101,195.666666666667,143.1,"http://kdpu.edu.ua",12661,,"172",172,"Дніпропетровська область",316,862,3148,4,10,0,1443,,130,,
"Державний вищий навчальний заклад ""Криворізький національний університет""",16,34,102.666666666667,195,142.8,"http://knu.edu.ua",10554,,"70, 71",70,"Дніпропетровська область",481,958,3204,3,7,2.1,1753,9.12721049629207,136,,
"Державний вищий навчальний заклад ""Національний гірничий університет""",44,76,101.333333333333,198,148.1,"http://www.nmu.org.ua",11233,,"28",28,"Дніпропетровська область",808,1713,8473,5,10,1.7,2805,15.6862745098039,74,113,39
"Державний вищий навчальний заклад ""Національний лісотехнічний університет України""",29,291,103.333333333333,192,145.3,"http://pk.nltu.edu.ua",9816,,"49",49,"Львівська область",281,639,2747,4,10,10,1124,25.8007117437722,102,71,-31
"Державний вищий навчальний заклад ""Переяслав-Хмельницький державний педагогічний університет імені Григорія Сковороди""",,,100,192.666666666667,134.2,"http://phdpu.edu.ua",10465,,"93",93,"Київська область",597,1079,2827,3,5,0,2252,,245,221,-24
"Державний вищий навчальний заклад ""Приазовський державний технічний університет""",40,108,100.666666666667,194.666666666667,140.1,"http://pstu.edu",8475,,"77",77,"Донецька область",434,975,2630,3,6,2.7,1600,25,169,149,-20
"Державний вищий навчальний заклад ""Придніпровська державна академія будівництва та архітектури""",6,68,103.666666666667,191.5,146.5,"http://new.pgasa.dp.ua",9750,,"68",68,"Дніпропетровська область",277,678,3065,5,11,11.3,1457,4.11805078929307,89,132,43
"Державний вищий навчальний заклад ""Прикарпатський національний університет імені Василя Стефаника""",88,960,100.333333333333,195.666666666667,147.1,"http://www.pu.if.ua",11277,,"16",16,"Івано-Франківська область",628,3007,6144,2,10,10.9,4632,18.9982728842832,81,89,8
"Державний вищий навчальний заклад ""Тернопiльський державний медичний університет iменi I.Я. Горбачевського Міністерства охорони здоров`я України""",133,129,113.666666666667,197,160.119883040936,"http://vstup.tdmu.edu.ua/",16422,,"54, 56",54,"Тернопільська область",,570,6019,10.559649122807,,0.969924812030075,570,233.333333333333,23,15,-8
"Державний вищий навчальний заклад ""Ужгородський національний університет""",88,894,100.666666666667,195,145.8,"http://www.uzhnu.edu.ua",12277,,"20, 21",20,"Закарпатська область",674,1981,10531,5,16,10.2,3816,23.0607966457023,94,82,-12
"Державний вищий навчальний заклад ""Український державний хіміко-технологічний університет""",66,673,101.666666666667,196.666666666667,138.7,"http://udhtu.edu.ua",9500,,"88",88,"Дніпропетровська область",244,722,4655,6,19,10.2,1365,48.3516483516484,188,183,-5
"Державний вищий навчальний заклад ""Університет банківської справи""",55,30,112.333333333333,193.333333333333,162.9,"http://ubs.edu.ua",15500,,"76",76,"м. Київ",38,62,762,12,20,0.5,164,335.365853658537,17,19,2
"Державний вищий навчальний заклад ""Університет менеджменту освіти""",,,104.666666666667,167.666666666667,133.3,"http://umo.edu.ua/",9666,,"183",183,"м. Київ",,87,499,6,,0,118,,257,,
"Державний вищий навчальний заклад ""Херсонський державний аграрний університет""",,,104,175.666666666667,133.6,"http://www.ksau.kherson.ua",9000,,"135, 136",135,"Херсонська область",202,453,1872,4,9,0,828,,251,194,-57
"Державний заклад ""Дніпропетровська медична академія Міністерства охорони здоров'я України""",14,723,112.333333333333,196,167.533200531209,"http://www.dsma.dp.ua/ua/",31039,,"46",46,"Дніпропетровська область",,502,2982,5.9402390438247,,51.6428571428571,502,27.8884462151394,7,26,19
"Державний заклад ""Луганський державний медичний університет""",8,65,103.333333333333,181.666666666667,141.809523809524,"http://www.lsmu.edu.ua/",15500,,,,"Луганська область",,84,589,7.01190476190476,,8.125,84,95.2380952380952,144,49,-95
"Державний заклад ""Луганський національний університет імені Тараса Шевченка""",9,63,100.333333333333,191.5,133.5,"http://luguniv.edu.ua",9071,,"52",52,"Луганська область",681,1358,3792,3,6,7,1358,6.62739322533137,253,187,-66
"Державний заклад «Південноукраїнський національний педагогічний університет імені К.Д. Ушинського»",5,125,101.333333333333,192.666666666667,139.9,"http://www.pdpu.edu.ua",10585,,"53",53,"Одеська область",260,1062,4843,5,19,25,1762,2.83768444948922,175,196,21
"Державний університет інфраструктури та технологій",,,101.666666666667,187,134.6,"http://duit.org.ua",14580,,,500,"м. Київ",124,696,1772,3,14,0,1150,,239,,
"Державний університет телекомунікацій",,,103,189,144.1,"http://www.dut.edu.ua",14066,,"127",127,"м. Київ",183,1208,6425,5,35,0,1673,,113,51,-62
"Дніпровська філія вищого навчального закладу «Відкритий міжнародний університет розвитку людини «Україна»",,,0,0,0,"http://dn.vmurol.com.ua",7975,,,500,"Дніпропетровська область",,9,30,3,,0,9,,376,394,18
"Дніпровський державний технічний університет",12,24,103.333333333333,186.666666666667,136.4,"http://www.dstu.dp.ua/uni/index.html",9240,,"156",156,"Дніпропетровська область",128,392,1432,4,11,2,393,30.5343511450382,215,284,69
"Дніпропетровський державний аграрно-економічний університет",9,23,101.666666666667,198,136.3,"https://www.dsau.dp.ua/",10400,,"107, 108",107,"Дніпропетровська область",315,839,4104,5,13,2.6,1011,8.90207715133531,218,,
"Дніпропетровський державний інститут фізичної культури і спорту",,,101,179,128.5,"http://infiz.dp.ua/",11240,,,500,"Дніпропетровська область",104,171,361,2,3,0,245,,307,417,110
"Дніпропетровський державний університет внутрішніх справ",,,101.5,188,131.8,"http://dduvs.in.ua",13650,,"192, 193",192,"Дніпропетровська область",,805,820,1,,0,805,,277,257,-20
"Дніпропетровський інститут Приватного акціонерного товариства ""Вищий навчальний заклад ""Міжрегіональна Академія управління персоналом""",,,103.666666666667,131.666666666667,114.7,"http://maup.dp.ua/",10866,,,500,"Дніпропетровська область",,8,88,11,,0,8,,356,,
"Дніпропетровський національний університет залізничного транспорту імені академіка В. Лазаряна",11,41,102.333333333333,194.666666666667,148.1,"http://diit.edu.ua/",11372,,"51",51,"Дніпропетровська область",395,785,4734,6,12,3.7,1331,8.26446280991736,73,111,38
"Дніпропетровський національний університет імені Олеся Гончара",263,1787,113,196,159.7,"http://www.dnu.dp.ua/",13362,,"11",11,"Дніпропетровська область",715,1746,15085,9,21,6.8,3167,83.0438901168298,27,45,18
"Дніпропетровський регіональний інститут державного управління Національної академії державного управління при Президентові України",,,102.666666666667,179,134.4,"http://www.dridu.dp.ua",12000,,,500,"Дніпропетровська область",,32,204,6,,0,278,,242,175,-67
"Донбаська державна машинобудівна академія",29,293,100,186.333333333333,139.2,"http://www.dgma.donetsk.ua",12375,,"42",42,"Донецька область",356,518,1605,3,5,10.1,518,55.984555984556,181,163,-18
"Донбаська національна академія будівництва і архітектури",7,25,104.333333333333,186,141.8,"http://www.donba.edu.ua/",15000,,"130, 131",130,"Донецька область",106,140,299,2,3,3.6,193,36.2694300518135,146,231,85
"Донбаський державний технічний університет",,,100,164.333333333333,124.8,"http://dondtu.edu.ua",9166,,"219, 220",219,"Луганська область",206,303,525,2,3,0,488,,333,280,-53
"Донецька філія Приватного вищого навчального закладу «Університет сучасних знань»",,,121,162,134.7,"http://usz.1gb.ua",10900,,,500,"Донецька область",,17,19,1,,0,17,,237,,
"Донецький державний університет управління",2,32,104.333333333333,174,143.2,"http://dsum.edu.ua",11080,,"107, 108",107,"Донецька область",118,185,594,3,5,16,185,10.8108108108108,127,142,15
"Донецький національний медичний університет",24,633,104,191,148.998198198198,"http://www.dsmu.edu.ua",,,,,"Донецька область",,370,1895,5.12162162162162,,26.375,370,64.8648648648649,67,67,0
"Донецький національний університет економіки і торгівлі імені Михайла Туган-Барановського",0,6,105.333333333333,184,142.8,"http://old.donnuet.edu.ua",12733,,"155",155,"Дніпропетровська область",131,428,1126,3,9,-1,616,0,135,107,-28
"Донецький національний університет імені Василя Стуса",128,639,104,194.666666666667,153,"http://www.donnu.edu.ua",13084,,"18",18,"Вінницька область",438,1243,7272,6,17,5,1770,72.316384180791,49,54,5
"Донецький юридичний інститут МВС України",,,102.333333333333,172.666666666667,130,"http://www.dli.donetsk.ua",12450,,"190",190,"Дніпропетровська область",,41,264,6,,0,41,,288,,
"Дрогобицький державний педагогічний університет імені Івана Франка",,,100,192.333333333333,147.3,"http://pk.drohobych.net",12801,,"249, 250",249,"Львівська область",367,894,4240,5,12,0,1838,,79,90,11
"Дубенська філія вищого навчального закладу ""Відкритий міжнародний університет розвитку людини ""Україна""",,,133.666666666667,133.666666666667,133.7,"http://dubno.vmurol.com.ua",6008,2016,,500,"Рівненська область",,6,41,7,,0,6,,249,83,-166
"Дунайський інститут Національного університету «Одеська морська академія»",,,106.333333333333,183,138.3,"http://dinuoma.com.ua",20050,,,500,"Одеська область",6,99,399,4,66,0,99,,193,297,104
"Економіко-гуманітарний факультет Запорізького національного університету у м.Мелітополі Запорізької області",,,102,181,132.9,"http://egfznu.com.ua",9700,,,500,"Запорізька область",,66,171,3,,0,66,,262,369,107
"Енергодарський інститут державного та муніципального управління імені  Р.Г.  Хеноха  ""Класичного приватного університету""",,,0,0,0,"http://eidmu.zp.ua/index.php/abiturienti",9005,,,500,"Запорізька область",,6,43,7,,0,6,,377,434,57
"Житомирська філія Приватного вищого навчального закладу «Київський інститут бізнесу та технологій» товариство з обмеженою відповідальністю",,,107,135.666666666667,122.2,"http://kibit.edu.ua",12600,,,500,"Житомирська область",,72,179,2,,0,72,,340,,
"Житомирська філія Приватного вищого навчального закладу «Університет сучасних знань»",,,174.333333333333,174.333333333333,174.3,"http://usz.1gb.ua/ua/pro-universitet/filiji-ta-regiolni-pidrozdili/40-filiya-m-zhitomir",11200,,,500,"Житомирська область",,20,36,2,,0,20,,4,,
"Житомирська філія університету Державної фіскальної служби України",,,,,,,,,,,,,29,29,1,,0,29,,378,,
"Житомирський державний технологічний університет",35,147,104.666666666667,189.666666666667,145.8,"https://vstup.ztu.edu.ua",16860,,"74",74,"Житомирська область",277,779,3893,5,14,4.2,1474,23.7449118046133,95,99,4
"Житомирський державний університет імені Івана Франка",24,28,103.5,194.666666666667,144.7,"https://zu.edu.ua",13093,,"83",83,"Житомирська область",333,959,4719,5,14,1.2,1809,13.2669983416252,110,86,-24
"Житомирський економіко-гуманітарний інститут Вищого навчального закладу ""Відкритий міжнародний університет розвитку людини ""Україна""",,,118,162,134.3,"http://vmurol.zt.ua/abitur.html",9000,,,500,"Житомирська область",,14,130,9,,0,28,,243,375,132
"Житомирський інститут Приватного акціонерного товариства ""Вищий навчальний заклад ""Міжрегіональна Академія управління персоналом""",,,112.333333333333,120.333333333333,116.3,"http://maup.zt.ua/spetsialnosti.html",14275,,,500,"Житомирська область",,26,64,2,,0,26,,353,,
"Житомирський національний агроекологічний університет",,,100.666666666667,191.333333333333,136.3,"http://zu.edu.ua",10960,,"141",141,"Житомирська область",402,1399,5507,4,14,0,2609,,217,176,-41
"Жмеринська філія Приватного вищого навчального закладу «Університет сучасних знань»",,,,,,,,,,,,,29,32,1,,0,29,,379,,
"Закарпатська академія мистецтв",,,108,187,142.5,"http://artedu.uz.ua/vst_abit.html",,,"133, 134",133,"Закарпатська область",29,75,127,2,4,0,110,,138,201,63
"Закарпатський угорський інститут імені Ференца Ракоці ІІ",,,100.5,189.666666666667,132,"http://kmf.uz.ua/uk/",6953,,"179",179,"Закарпатська область",,188,293,2,,0,253,,272,385,113
"Запорізька державна інженерна академія",14,37,101.333333333333,185.666666666667,144,"http://www.zgia.zp.ua",8333,,"94",94,"Запорізька область",105,321,1650,5,16,2.6,799,17.5219023779725,116,143,27
"Запорізький державний медичний університет",39,197,107.333333333333,199,157.718383311604,"http://zsmu.edu.ua/",17323,,,,"Запорізька область",,767,5059,6.59582790091265,,5.05128205128205,767,50.8474576271187,31,30,-1
"Запорізький національний технічний університет",83,192,101,194,138.9,"http://pk.zntu.edu.ua",10505,,"32",32,"Запорізька область",729,2192,8859,4,12,2.3,3728,22.2639484978541,185,148,-37
"Запорізький національний університет",27,83,102,195.333333333333,145.6,"https://web.znu.edu.ua/pk/index.php",10076,,"43",43,"Запорізька область",264,2000,10358,5,39,3.1,3439,7.8511195114859,98,97,-1
"Західнодонбаський інститут Приватного акціонерного товариства ""Вищий навчальний заклад ""Міжрегіональна академія управління персоналом""",,,148.333333333333,148.333333333333,148.3,"http://zi-maup.edukit.dp.ua/abituriyentam/",9972,,,500,"Дніпропетровська область",,4,6,2,,0,4,,72,,
"Івано-Франківська філія Вищого навчального закладу ""Відкритий міжнародний університет розвитку людини ""Україна""",,,135.333333333333,135.333333333333,135.3,"http://if.vmurol.com.ua",,,,500,"Івано-Франківська область",,32,42,1,,0,32,,230,,
"Івано-Франківський коледж фізичного виховання Національного університету фізичного виховання і спорту України",,,,,,,,,,,,10,117,139,1,14,0,117,,380,,
"Івано-Франківський навчально-науковий інститут менеджменту Тернопільського національного економічного університету",,,105.333333333333,191.666666666667,141.1,"http://www.ifim.tneu.edu.ua",10500,2016,,500,"Івано-Франківська область",25,126,398,3,16,0,163,,155,,
"Івано-Франківський національний технічний університет нафти і газу",59,81,102,195,149.4,"http://nung.edu.ua",10280,,"33",33,"Івано-Франківська область",533,1455,6324,4,12,1.4,2757,21.4000725426188,62,42,-20
"Ізмаїльський державний гуманітарний університет",,,101.333333333333,186,138.9,"http://idgu.edu.ua/",12038,,"212, 213",212,"Одеська область",205,371,1462,4,7,0,585,,184,263,79
"Індустріальний інститут Державного вищого навчального закладу ""Донецький національний технічний університет""",,,106.333333333333,162.666666666667,127.1,"http://kii.donntu.edu.ua/",,2016,,500,"Донецька область",40,85,317,4,8,0,122,,320,,
"Інститут підготовки кадрів державної служби зайнятості України",,,114.333333333333,158.333333333333,134.9,"http://ipk.edu.ua",12380,,"240",240,"м. Київ",,21,41,2,,0,160,,235,361,126
"Інститут управління і права Національного юридичного університету імені Ярослава Мудрого",,,136.666666666667,172.333333333333,153.8,"http://vstup.nlu.edu.ua/",18000,,,500,"м. Київ",,14,88,6,,0,14,,45,,
"Інститут хімічних технологій Східноукраїнського національного університету імені Володимира Даля (м. Рубіжне)",,,107,173.666666666667,128.6,"http://iht.lg.ua/",8250,,,500,"Луганська область",20,172,358,2,18,0,242,,305,308,3
"Кам'янець-Подільська філія Національного університету харчових технологій",,,,,,,,,,,,,50,54,1,,0,50,,381,,
"Кам'янець-Подільський національний університет імені Івана Огієнка",0,1,101,191.666666666667,143,"http://vstup.kpnu.edu.ua",9691,,"100",100,"Хмельницька область",409,1032,1097,1,3,-1,1944,0,132,121,-11
"Карпатський інститут підприємництва Вищого навчального закладу ""Відкритий міжнародний університет розвитку людини ""Україна""",,,110.333333333333,134.333333333333,120.1,"http://hust.vmurol.com.ua",9500,,,500,"Закарпатська область",,6,37,6,,0,6,,344,403,59
"Київська дитяча Академія мистецтв",,,115,164.5,141.2,"http://www.kdam.kiev.ua/",,,"257",257,"м. Київ",9,11,16,1,2,0,11,,151,,
"Київська муніципальна академія естрадного та циркового мистецтв",,,109.5,188,146.9,"https://circusacademy.kiev.ua",27000,,"255",255,"м. Київ",43,144,145,1,3,0,191,,85,,
"Київська православна богословська академія",,,,,,,,,,,,,14,18,1,,0,33,,382,,
"Київський державний інститут декоративно-прикладного мистецтва і дизайну імені Михайла Бойчука",,,110,194.5,154.5,"http://kdidpmid.edu.ua",13950,,"266",266,"м. Київ",44,150,475,3,11,0,194,,42,154,112
"Київський інститут музики ім. Р.М. Глієра",,,125,171,146.8,"http://www.glierinstitute.org",34500,,"227",227,"м. Київ",50,75,116,2,2,0,126,,87,,
"Київський кооперативний інститут бізнесу і права",,,102.666666666667,162.666666666667,127.8,"http://kkibp.edu.ua/uk/",13000,,"218",218,"м. Київ",,209,297,1,,0,288,,314,413,99
"Київський національний лінгвістичний університет",,,113,197,164.9,"https://onedrive.live.com",23836,,"102",102,"м. Київ",335,1216,10956,9,33,0,1595,,10,6,-4
"Київський національний торговельно-економічний університет",41,17,101.333333333333,196.333333333333,155.5,"https://knteu.kiev.ua",20584,,"39, 40",39,"м. Київ",638,3871,26278,7,41,0.4,5863,6.99300699300699,36,16,-20
"Київський національний університет будівництва і архітектури",37,149,105.666666666667,197.5,155.3,"http://www.knuba.edu.ua/",13500,,"36",36,"м. Київ",696,1315,6638,5,10,4,2078,17.8055822906641,38,65,27
"Київський національний університет імені Тараса Шевченка",1349,11024,117,199,177.2,"http://vstup.univ.kiev.ua/",33219,,"1",1,"м. Київ",2661,4332,44269,10,17,8.2,6799,198.411531107516,3,2,-1
"Київський національний університет культури і мистецтв",,,103.5,195,157.8,"http://knukim.edu.ua",,,"97",97,"м. Київ",739,1045,1052,1,1,0,1393,,30,57,27
"Київський національний університет театру, кіно і телебачення імені І.К. Карпенка-Карого",,,106,195,158,"http://knutkt.com.ua",24646,,"194",194,"м. Київ",132,288,361,1,3,0,456,,29,77,48
"Київський національний університет технологій та дизайну",55,246,100.333333333333,193,144.8,"http://knutd.edu.ua",13143,,"26",26,"м. Київ",449,1346,6685,5,15,4.5,2243,24.5207311636202,109,79,-30
"Київський університет імені Бориса Грінченка",7,8,100,196.5,156.9,"http://kubg.edu.ua",16732,,"72",72,"м. Київ",511,1634,12720,8,25,1.1,2430,2.88065843621399,32,108,76
"Київський університет права Національної академії наук України",,,106.333333333333,178.666666666667,143.9,"http://kul.kiev.ua",19900,,"166, 167",166,"м. Київ",,187,955,5,,0,213,,120,46,-74
"Київський університет туризму, економіки і права",,,103.666666666667,165,125.4,"http://www.kutep.ua",17400,,"201",201,"м. Київ",,269,2005,7,,0,350,,329,283,-46
"Кіровоградський інститут комерції",,,127,128.666666666667,127.8,"http://www.kik.kr.ua/",,,"226",226,"Кіровоградська область",,2,52,26,,0,2,,313,350,37
"Кіровоградський інститут Приватного акціонерного товариства ""Вищий навчальний заклад ""Міжрегіональна Академія управління персоналом""",,,108.333333333333,137.666666666667,123.1,"http://maupkirovograd.com.ua",6510,,,500,"Кіровоградська область",,10,30,3,,0,10,,338,,
"Кіровоградський інститут розвитку людини вищого навчального закладу Відкритий міжнародний університет розвитку людини ""Україна""",,,104.666666666667,164,129.2,"http://vmurol.kr.ua",6750,,,500,"Кіровоградська область",,58,167,3,,0,58,,296,382,86
"Класичний приватний університет",,,101.5,176.666666666667,130.3,"http://virtuni.education.zp.ua",9839,,"160",160,"Запорізька область",,461,959,2,,0,636,,285,320,35
"Коледж економіки і технологій Чернігівського національного технологічного університету",,,0,0,0,"http://ket.stu.cn.ua/",,,,500,"Чернігівська область",,12,30,2,,0,12,,383,,
"Коледж Кременчуцького національного університету імені Михайла Остроградського",,,,,,,,,,,,,30,36,1,,0,30,,384,,
"Коледж Національного фармацевтичного університету",,,106.666666666667,171,137.8,"http://college.nuph.edu.ua",13980,,,500,"Харківська область",,41,70,2,,0,41,,196,,
"Коломийський навчально-науковий інститут Прикарпатського національного університету імені Василя Стефаника",,,104,179.333333333333,133,"http://www.pu.if.ua/depart/Kolomiya/ua/",10233,,,500,"Івано-Франківська область",2,126,188,1,94,0,126,,261,,
"Комунальний вищий навчальний заклад ""Вінницька академія неперервної освіти""",,,0,0,0,"http://academia.vinnica.ua",,,"199, 200",199,"Вінницька область",,14,43,3,,0,129,,385,,
"Комунальний вищий навчальний заклад ""Житомирський інститут медсестринства"" Житомирської обласної ради",,,106.333333333333,167,139.3,"http://www.zhim.org.ua",,,"267",267,"Житомирська область",47,122,374,3,8,0,140,,180,,
"Комунальний вищий навчальний заклад «Хортицька національна навчально-реабілітаційна академія» Запорізької обласної ради",,,103.5,173,140.6,"http://khnnra.com.ua",5500,,,500,"Запорізька область",137,175,418,2,3,0,243,,164,,
"Комунальний заклад ""Харківська гуманітарно-педагогічна академія"" Харківської обласної ради",,,103,182,139.6,"http://hgpa.kharkov.com",15704,,"261, 262",261,"Харківська область",352,471,1137,2,3,0,689,,178,,
"Конотопський інститут Сумського державного університету",,,114,163.333333333333,136.3,"http://ki.sumdu.edu.ua/abturyentu/",12200,,,500,"Сумська область",26,76,192,3,7,0,76,,216,,
"Косівський інститут прикладного та декоративного мистецтва Львівської національної академії мистецтв",,,105.5,189.5,138.8,"http://kipdm.com",16966,,,500,"Івано-Франківська область",51,67,152,2,3,0,94,,187,218,31
"Кременецька обласна гуманітарно-педагогічна академія ім. Тараса Шевченка",,,100.5,177.333333333333,136.7,"http://www.kogpi.edu.te.ua/",10870,,"209",209,"Тернопільська область",177,410,971,2,5,0,646,,209,207,-2
"Кременчуцька філія Глухівського національного педагогічного університету імені Олександра Довженка",,,,,,,,,,,,,48,48,1,,0,48,,386,,
"Кременчуцький льотний коледж Національного авіаційного університету",,,0,0,0,"http://www.flightcollege.com.ua",18108,,,500,"Полтавська область",,37,43,1,,0,37,,387,,
"Кременчуцький національний університет імені Михайла Остроградського",51,156,101,197,138.3,"http://www.kdu.edu.ua/",8370,,"41",41,"Полтавська область",260,896,2698,3,10,3.1,1690,30.1775147928994,192,197,5
"Криворізька філія Приватного вищого навчального закладу ""Європейський університет""",,,109.333333333333,146,127.7,"http://krivrig.e-u.in.ua/index.php",8000,,,500,"Дніпропетровська область",,15,32,2,,0,15,,315,,
"Криворізький економічний інститут Державного вищого навчального закладу ""Київський національний економічний університет імені Вадима Гетьмана""",,,102.333333333333,189.666666666667,141.7,"http://www.kneu.dp.ua/",12616,,,500,"Дніпропетровська область",34,224,1247,6,37,0,407,,147,138,-9
"Криворізький коледж Національного авіаційного університету",,,,,,,,,,,,10,87,218,3,22,0,87,,388,,
"Криворізький металургійний інститут Національної металургійної академії України",,,107.666666666667,162.666666666667,132.2,"https://nmetau.edu.ua",8800,,,500,"Дніпропетровська область",21,165,361,2,17,0,243,,269,395,126
"Криворізький факультет Запорізького національного університету",,,105.333333333333,164.333333333333,136.5,"http://kfznu.com/",,,,500,"Дніпропетровська область",,36,37,1,,0,36,,213,345,132
"Кропивницький інститут приватного вищого навчального закладу ""Університет сучасних знань""",,,112.666666666667,177,131.8,"http://kkusz.kr.ua/",,,,500,"Кіровоградська область",,85,111,1,,0,99,,276,,
"Луганська державна академія культури і мистецтв",,,104,182,136.9,"https://lgaki.com.ua/",,,,500,"м. Київ",23,43,54,1,2,0,85,,208,,
"Луганський державний університет внутрішніх справ імені Е.О. Дідоренка",,,103.5,155.5,119.7,"http://lduvs.edu.ua",13940,,"241",241,"Луганська область",,58,170,3,,0,58,,347,300,-47
"Луганський національний аграрний університет",,,105.666666666667,163.666666666667,131.4,"http://lu.in.ua",12000,,"182",182,"Харківська область",452,591,1028,2,2,0,933,,279,266,-13
"Луцька філія Тернопільського національного економічного університету",,,127.333333333333,127.333333333333,127.3,"http://www.tneu.edu.ua/lutskiy-nkc/",,,,500,"Волинська область",,46,81,2,,0,46,,318,,
"Луцький біотехнічний інститут Приватного вищого навчального закладу «Міжнародний науково-технічний університет імені академіка Юрія Бугая»",,,122.666666666667,131.666666666667,126.2,"http://lbi.lutsk.ua",,,,500,"Волинська область",,3,22,7,,0,3,,324,,
"Луцький інститут розвитку людини Вищого навчального закладу ""Відкритий міжнародний університет розвитку людини ""Україна""",,,111.333333333333,167.333333333333,127.9,"http://lutsk.vmurol.com.ua",11250,,,500,"Волинська область",,31,355,11,,0,61,,312,243,-69
"Луцький національний технічний університет",38,64,101.333333333333,188.5,142.8,"http://lutsk-ntu.com.ua",12900,,"67",67,"Волинська область",674,1341,6222,5,9,1.7,2154,17.6415970287837,134,92,-42
"Львівська національна академія мистецтв",,,109,196.5,158.9,"https://lm.edu.ua/uk/",,,"185",185,"Львівська область",105,217,433,2,4,0,378,,28,33,5
"Львівська національна музична академія імені М.В.Лисенка",,,111,193,150.7,"http://conservatory.lviv.ua",42178,2015,"152, 153",152,"Львівська область",104,141,163,1,2,0,216,,59,103,44
"Львівська філія Дніпропетровського національного університету залізничного транспорту імені академіка В. Лазаряна",,,101,163.333333333333,131.8,"http://lf.diit.edu.ua/",9125,2016,,500,"Львівська область",28,159,355,2,13,0,159,,275,,
"Львівська філія Національного університету харчових технологій",,,,,,,,,,,,,65,69,1,,0,65,,389,,
"Львівська філія Приватного вищого навчального закладу ""Європейський університет""",,,110.333333333333,172.666666666667,143,"http://lviv.e-u.in.ua",9000,,,500,"Львівська область",,51,93,2,,0,51,,131,,
"Львівський державний університет безпеки життєдіяльності",64,138,100.5,191,141,"http://ldubgd.edu.ua",11207,,"98",98,"Львівська область",143,398,1794,5,13,2.2,545,117.43119266055,156,267,111
"Львівський державний університет внутрішніх справ",,,104.666666666667,184,140.8,"http://www2.lvduvs.edu.ua",11866,,"191",191,"Львівська область",,509,614,1,,0,644,,160,128,-32
"Львівський державний університет фізичної культури",28,42,102.5,189.333333333333,143.1,"www.ldufk.edu.ua",10500,,"104, 105, 106",104,"Львівська область",269,622,637,1,2,1.5,915,30.6010928961749,129,251,122
"Львівський інститут економіки і туризму",,,118,185,147.2,"http://www.liet.lviv.ua",9000,,"283",283,"Львівська область",5,112,1643,15,329,0,274,,80,100,20
"Львівський інститут Приватного акціонерного товариства ""Вищий навчальний заклад ""Міжрегіональна Академія управління персоналом""",,,116.333333333333,149.666666666667,131,"http://li-maup.edu.lviv.ua",8100,,,500,"Львівська область",,35,145,4,,0,40,,282,,
"Львівський навчально-науковий інститут Державного вищого навчального закладу ""Університет банківської справи""",,,117.333333333333,180.666666666667,149.2,"http://www.ubs.edu.ua",13000,,,500,"Львівська область",16,68,694,10,43,0,254,,64,8,-56
"Львівський національний аграрний університет",,,100.333333333333,189.5,136,"http://lu.lviv.ua",10216,,"175",175,"Львівська область",353,975,3539,4,10,0,1843,,222,182,-40
"Львівський національний медичний університет імені Данила Галицького",150,748,105.666666666667,198.333333333333,166.241666666667,"http://www.meduniv.lviv.ua/",25000,,,,"Львівська область",,920,7741,8.41413043478261,,4.98666666666667,920,163.04347826087,9,5,-4
"Львівський національний університет ветеринарної медицини та біотехнологій  імені С.З. Гжицького",23,215,102.333333333333,193.666666666667,147.92951907131,"http://lvet.edu.ua",9000,,,,"Львівська область",,402,4009,9.9726368159204,,9.34782608695652,402,57.2139303482587,75,95,20
"Львівський національний університет імені Івана Франка",465,4185,102.333333333333,199,166.4,"http://admission.lnu.edu.ua",13456,,"4",4,"Львівська область",1680,4176,38360,9,23,9,6513,71.3956701980654,8,10,2
"Львівський регіональний інститут державного управління Національної академії державного управління при Президентові України",,,114,142.333333333333,128.2,"http://www.lvivacademy.com/",12400,,,500,"Львівська область",,2,66,33,,0,2,,309,213,-96
"Львівський техніко-економічний коледж Національного університету «Львівська політехніка»",,,,,,,,,,,,,60,105,2,,0,60,,390,,
"Львівський торговельно-економічний університет",5,26,106.333333333333,184.333333333333,139.7,"http://www.lute.lviv.ua",10248,,"101",101,"Львівська область",,797,905,1,,5.2,1125,4.44444444444444,177,,
"Маріупольський державний університет",6,11,103,185,140.9,"http://mdu.in.ua",9281,,"116",116,"Донецька область",191,658,785,1,4,1.8,1054,5.69259962049336,158,152,-6
"Маріупольський інститут Приватного акціонерного товариства ""Вищий навчальний заклад ""Міжрегіональна Академія управління персоналом""",,,113.333333333333,125.666666666667,121.1,"http://mariupol.maup.com.ua",,,,500,"Донецька область",,19,30,2,,0,39,,341,,
"Мелітопольський державний педагогічний університет імені Богдана Хмельницького",,,106.666666666667,191.666666666667,137.2,"http://www.abitur.mdpu.org.ua",7960,,"130, 131",130,"Запорізька область",292,704,2426,3,8,0,1017,,203,190,-13
"Мелітопольський інститут екології та соціальних технологій вищого навчального закладу ""Відкритий міжнародний університет розвитку людини ""Україна""",,,112.666666666667,141.666666666667,120.9,"http://www.miest.org.ua",8000,,,500,"Запорізька область",,12,61,5,,0,31,,342,430,88
"Миколаївський міжрегіональний інститут розвитку людини Вищого навчального закладу ""Відкритий міжнародний університет розвитку людини ""Україна""",,,104,157.666666666667,126.4,"http://mmirl.edu.ua/",6900,,,500,"Миколаївська область",,76,260,3,,0,172,,323,408,85
"Миколаївський національний аграрний університет",,,102.666666666667,189,132,"https://www.mu.edu.ua",7290,,"87",87,"Миколаївська область",197,846,2358,3,12,0,1203,,271,225,-46
"Миколаївський національний університет імені В.О. Сухомлинського",,,100.5,184,134.5,"http://mdu.edu.ua",7761,,"147, 148",147,"Миколаївська область",277,879,3697,4,13,0,1504,,241,188,-53
"Міжнародний гуманітарний університет",48,13,102,182.666666666667,138.6,"http://mgu.edu.ua",11150,,"196",196,"Одеська область",,539,2027,4,,0.3,876,54.7945205479452,190,254,64
"Мукачівський державний університет",5,5,102,187,133.5,"http://msu.edu.ua",10300,,"171",171,"Закарпатська область",96,495,1747,4,18,1,792,6.31313131313131,252,229,-23
"Навчально-науковий професійно-педагогічний інститут Української інженерно- педагогічної академії ( м.Бахмут)",,,104.333333333333,167.333333333333,128.7,"http://www.nnppi.in.ua",9178,,,500,"Донецька область",18,163,290,2,16,0,304,,302,,
"Надслучанський інститут Національного університету водного господарства та природокористування",,,119.666666666667,141,133.6,"http://nuwm.edu.ua/vidokremleni-strukturni-pidrozdili/dsluchansjkij-institut",9500,,,500,"Рівненська область",13,49,128,3,10,0,49,,250,,
"Національнa академія Служби безпеки України",7,62,109.333333333333,175.333333333333,143.1,"http://academy.ssu.gov.ua",16700,,"222, 223",222,"м. Київ",,108,591,5,,8.9,134,52.2388059701493,128,,
"Національна академія внутрішніх справ",,,101,181.333333333333,136.5,"https://www.iau.kiev.ua",18300,,"163",163,"м. Київ",,623,2139,3,,0,623,,212,,
"Національна академія керівних кадрів культури і мистецтв",,,103.5,195,141.1,"http://kkkim.edu.ua/",14500,,"120",120,"м. Київ",25,374,668,2,27,0,644,,154,214,60
"Національна академія Національної гвардії України",,,121.333333333333,176.333333333333,153.2,"http://ngu.edu.ua/?m=201708",,,"205",205,"Харківська область",,16,125,8,,0,48,,48,,
"Національна академія образотворчого мистецтва і архітектури",,,118.5,194,160.5,"http://oma.edu.ua",28073,,"168",168,"м. Київ",106,176,285,2,3,0,249,,21,56,35
"Національна академія статистики, обліку та аудиту",,,101.333333333333,170,130.2,"http://soa.edu.ua/",11000,,"195",195,"м. Київ",,179,523,3,,0,363,,287,191,-96
"Національна металургійна академія України",32,134,100.666666666667,188.333333333333,136.2,"https://nmetau.edu.ua",,,"24",24,"Дніпропетровська область",330,956,3905,4,12,4.2,1985,16.1209068010076,221,169,-52
"Національна музична академія України імені П.І. Чайковського",,,105.5,195,151.8,"http://knmau.com.ua/",23400,,"133, 134",133,"м. Київ",156,156,225,1,1,0,252,,54,94,40
"Національний авіаційний університет",299,626,104.333333333333,194,155.8,"http://u.edu.ua",19406,,"14",14,"м. Київ",1260,2898,27133,9,22,2.1,4636,64.495254529767,35,21,-14
"Національний аерокосмічний університет ім. М. Є. Жуковського ""Харківський авіаційний інститут""",133,919,106,197.333333333333,150.7,"https://www.khai.edu",11484,,"13",13,"Харківська область",634,1017,7561,7,12,6.9,1683,79.0255496137849,58,64,6
"Національний медичний університет імені О.О. Богомольця",81,536,103,199.333333333333,169.382173382173,"http://nmu.ua/",23981,,,,"м. Київ",,1638,4384,2.67643467643468,,6.61728395061728,1638,49.4505494505494,5,8,3
"Національний педагогічний університет імені М.П. Драгоманова",11,35,101.666666666667,197,149.2,"http://www.vstup.npu.edu.ua",16729,,"37",37,"м. Київ",671,2190,18354,8,27,3.2,3339,3.29439952081462,65,39,-26
"Національний технічний університет ""Харківський політехнічний інститут""",260,1524,102.333333333333,194.333333333333,148.8,"http://vstup.kpi.kharkov.ua",9983,,"5",5,"Харківська область",1183,2440,18353,8,16,5.9,4625,56.2162162162162,69,78,9
"Національний технічний університет України «Київський політехнічний інститут імені Ігоря Сікорського»",632,2393,110,198,168.3,"http://kpi.ua",23483,,"2-3",2,"м. Київ",3667,4962,38576,8,11,3.8,8100,78.0246913580247,6,3,-3
"Національний транспортний університет",22,78,100,189.333333333333,142,"http://www.ntu.edu.ua",12557,,"47",47,"м. Київ",356,1827,8852,5,25,3.5,2879,7.64154220215353,142,72,-70
"Національний університет ""Києво-Могилянська академія""",84,855,109.666666666667,198.333333333333,177.8,"http://www.ukma.edu.ua",29071,,"12",12,"м. Київ",432,1006,12994,13,30,10.2,1372,61.2244897959184,1,1,0
"Національний університет ""Львівська політехніка""",700,2093,112,198.666666666667,163.5,"http://www.lp.edu.ua",13619,,"6",6,"Львівська область",2122,4994,30349,6,14,3,8124,86.164451009355,14,17,3
"Національний університет ""Одеська морська академія""",0,-1,104,194,153.4,"http://www.onma.edu.ua",19900,,"114",114,"Одеська область",262,621,2841,5,11,,738,0,46,117,71
"Національний університет ""Одеська юридична академія""",1,0,106,195.666666666667,152.8,"http://vstup.onua.edu.ua",18375,,"63",63,"Одеська область",219,1274,6873,5,31,0,2611,0.382995021064726,50,76,26
"Національний університет ""Острозька академія""",,,110,197,162.7,"http://www.oa.edu.ua",14212,,"95",95,"Рівненська область",171,602,4224,7,25,0,887,,18,11,-7
"Національний університет біоресурсів і природокористування України",92,356,102.666666666667,190.666666666667,149.5,"https://nubip.edu.ua",17329,,"10",10,"м. Київ",1235,2647,13166,5,11,3.9,4629,19.8747029596025,61,73,12
"Національний університет водного господарства та природокористування",109,109,101,194.5,145.6,"http://start.nuwm.edu.ua/",15850,,"66",66,"Рівненська область",737,1417,6319,4,9,1,2532,43.0489731437599,97,84,-13
"Національний університет кораблебудування імені адмірала Макарова",28,151,104.666666666667,190.333333333333,140,"http://www.nuos.edu.ua/",,,"75",75,"Миколаївська область",414,581,3140,5,8,5.4,706,39.6600566572238,171,130,-41
"Національний університет фізичного виховання і спорту України",10,34,100,190.5,138.1,"http://vstup.uni-sport.edu.ua",13050,,"81",81,"м. Київ",290,938,2403,3,8,3.4,1080,9.25925925925926,195,325,130
"Національний університет харчових технологій",57,233,100,197.333333333333,146.3,"http://nuft.edu.ua",17250,,"19",19,"м. Київ",646,1689,1816,1,3,4.1,3006,18.9620758483034,92,40,-52
"Національний університет цивільного захисту України",,,101,177.333333333333,128.6,"http://nuczu.edu.ua/",9900,,"135, 136",135,"Харківська область",,201,1427,7,,0,211,,304,363,59
"Національний фармацевтичний університет",14,73,105.666666666667,185.666666666667,140.6,"http://nuph.edu.ua",9050,,"31",31,"Харківська область",,109,730,7,,5.2,1449,9.66183574879227,163,48,-115
"Національний юридичний університет імені Ярослава Мудрого",1,0,103.333333333333,197.333333333333,161,"http://vstup.nlu.edu.ua",18000,,"58",58,"Харківська область",418,1199,8420,7,20,0,1248,0.801282051282051,20,59,39
"Ніжинський державний університет імені Миколи Гоголя",,,105.666666666667,191,145.4,"http://www.ndu.edu.ua/",13127,,"158, 159",158,"Чернігівська область",193,425,2183,5,11,0,813,,100,81,-19
"Нікопольська філія Приватного вищого навчального закладу ""Європейський університет""",,,139.333333333333,139.333333333333,139.3,"http://nikopol.e-u.in.ua/",,,,500,"Дніпропетровська область",,3,6,2,,0,3,,179,,
"Нікопольський факультет Національної металургійної академії України",,,122.666666666667,160.666666666667,138.8,"https://nmetau.edu.ua/ua/mfac/i2061/p0",6990,,,500,"Дніпропетровська область",,129,135,1,,0,129,,186,,
"Нововолинський навчально - науковий інститут економіки та менеджменту Тернопільського національного економічного університету",,,114,171.666666666667,138.4,"http://nnniem.tneu.edu.ua/",,,,500,"Волинська область",4,44,74,2,18,0,44,,191,,
"Новокаховський гуманітарний інститут  вищого навчального закладу «Відкритий міжнародний університет розвитку людини «Україна»",,,110.333333333333,162.333333333333,129.6,"http://vmurol.net.ua/",6200,,,500,"Херсонська область",,37,82,2,,0,107,,293,346,53
"Одеська державна академія будівництва та архітектури",18,57,102,194.5,147.5,"http://www.ogasa.org.ua",12419,,"96",96,"Одеська область",316,554,1427,3,5,3.2,1116,16.1290322580645,77,177,100
"Одеська національна академія зв'язку ім. О.С. Попова",18,19,105,185.666666666667,143.5,"https://pk.ot.edu.ua",10645,,"82",82,"Одеська область",151,508,2113,4,14,1.1,850,21.1764705882353,125,123,-2
"Одеська національна академія харчових технологій",39,50,102,188,140.4,"https://www.oft.edu.ua/",11085,,"56",56,"Одеська область",307,1291,6567,5,21,1.3,2054,18.9873417721519,166,158,-8
"Одеська національна музична академія імені А.В. Нежданової",,,106,171,133.1,"http://odma.edu.ua",12000,,"166, 167",166,"Одеська область",13,67,145,2,11,0,110,,259,147,-112
"Одеський автомобільно - дорожній коледж Одеського національного політехнічного університету",,,,,,,,,,,,,20,23,1,,0,20,,391,,
"Одеський державний аграрний університет",,,102,193.666666666667,136.4,"http://osau.edu.ua",,,"207",207,"Одеська область",91,330,1584,5,17,0,737,,214,205,-9
"Одеський державний екологічний університет",7,30,106.666666666667,189,134.8,"http://odeku.edu.ua",10586,,"78, 79",78,"Одеська область",89,144,1339,9,15,4.3,144,48.6111111111111,236,210,-26
"Одеський державний університет внутрішніх справ",,,100.5,176,129.1,"http://oduvs.edu.ua",17872,,"224",224,"Одеська область",,552,1242,2,,0,582,,299,281,-18
"Одеський інститут Приватного акціонерного товариства ""Вищий навчальний заклад ""Міжрегіональна Академія управління персоналом""",,,104.666666666667,133.666666666667,116,"http://odessa.maup.com.ua/",10908,,,500,"Одеська область",,25,80,3,,0,25,,354,,
"Одеський національний економічний університет",,,103,194.333333333333,150.8,"http://oneu.edu.ua",13395,,"111, 112",111,"Одеська область",100,572,4008,7,40,0,1151,,57,44,-13
"Одеський національний медичний університет",1,191,101.666666666667,197.333333333333,164.019091847265,"http://onmedu.edu.ua/",20380,,,,"Одеська область",,646,5032,7.78947368421053,,191,646,1.54798761609907,13,34,21
"Одеський національний морський університет",12,30,103.666666666667,195.666666666667,143.6,"http://www.osmu.odessa.ua",13900,,"104, 105, 106",104,"Одеська область",181,897,4585,5,25,2.5,897,13.3779264214047,124,101,-23
"Одеський національний політехнічний університет",68,204,103.666666666667,194,151.1,"http://opu.ua/",17156,,"22",22,"Одеська область",743,1452,11416,8,15,3,2521,26.9734232447441,55,,
"Одеський національний університет імені І. І. Мечникова",146,2348,100.666666666667,197,155.3,"http://onu.edu.ua",16244,,"8",8,"Одеська область",294,1211,11172,9,38,16.1,1903,76.7209668943773,37,24,-13
"Одеський регіональний інститут державного управління Національної академії державного управління при Президентові України",,,110.333333333333,180.333333333333,140.4,"http://www.oridu.odessa.ua/",11300,,,500,"Одеська область",,48,218,5,,0,50,,165,186,21
"Одеський торговельно-економічний інститут Київського національного торговельно-економічного університету",,,117,168,134.9,"http://www.otei.odessa.ua",14145,,,500,"Одеська область",41,73,171,2,4,0,114,,234,,
"Первомайська філія Приватного вищого навчального закладу «Університет сучасних знань»",,,113.333333333333,156,136.2,,,,,500,"Миколаївська область",,32,35,1,,0,32,,220,,
"Первомайський політехнічний інститут Національного університету кораблебудування імені адмірала Макарова",,,109.666666666667,144.666666666667,124.7,"http://www.ppi.net.ua/",5500,2016,,500,"Миколаївська область",48,109,220,2,5,0,188,,335,354,19
"Подільський державний аграрно-технічний університет",,,101.666666666667,176.666666666667,133.1,"http://www.pdatu.edu.ua/",,,"150, 151",150,"Хмельницька область",347,731,759,1,2,0,1130,,258,253,-5
"Полтавська державна аграрна академія",44,58,100,194.333333333333,136.9,"https://www.pdaa.edu.ua",,,"99",99,"Полтавська область",327,1065,3756,4,11,1.3,2092,21.0325047801147,207,150,-57
"Полтавська філія Національного університету харчових технологій",,,,,,,,,,,,,49,61,1,,0,49,,392,,
"Полтавський інститут економіки і права вищого навчального закладу Відкритий міжнародний університет розвитку людини «Україна»",,,103.333333333333,170.666666666667,137.3,"http://pl.vmurol.com.ua/",12200,,,500,"Полтавська область",,69,271,4,,0,122,,200,312,112
"Полтавський національний педагогічний університет імені В.Г. Короленка",2,12,102,194,139.9,"pnpu.edu.ua",9993,,"132",132,"Полтавська область",322,1021,4584,4,14,6,2235,0.894854586129754,174,134,-40
"Полтавський національний технічний університет імені Юрія Кондратюка",129,202,103.333333333333,193.666666666667,145.4,"http://pntu.edu.ua",10180,,"57",57,"Полтавська область",339,946,3936,4,12,1.6,1804,71.5077605321508,101,125,24
"Полтавський юридичний інститут Національного юридичного університету імені Ярослава Мудрого",,,109,194,154.9,"http://pli.nlu.edu.ua",18100,2016,,500,"Полтавська область",34,202,544,3,16,0,202,,40,,
"Приватна установа ""Вищий навчальний заклад ""Міжнародний гуманітарно-педагогічний інститут ""Бейт-Хана""",,,142.333333333333,175.333333333333,154.1,"http://www.betha.org.ua",,,"259",259,"Дніпропетровська область",,23,35,2,,0,23,,43,,
"Приватне акціонерне товариство ""Вищий навчальний заклад ""Міжрегіональна Академія управління персоналом""",17,31,101,182,131.3,"http://maup.com.ua",13800,,"152, 153",152,"м. Київ",,1018,2097,2,,1.8,1913,8.88656560376372,280,287,7
"Приватне акціонерне товариство ""Вищий навчальний заклад ""Національна академія управління""",,,103.666666666667,164,133.3,"http://nam.kiev.ua/",11984,,"142",142,"м. Київ",,33,290,9,,0,78,,256,211,-45
"Приватне акціонерне товариство ""Приватний вищий навчальний заклад ""Запорізький інститут економіки та інформаційних технологій""",,,112.666666666667,179.666666666667,143.9,"http://www.econom.zp.ua",11638,,"287",287,"Запорізька область",,79,327,4,,0,202,,119,135,16
"Приватне акціонерне товариство «Українсько-Польський вищий навчальний заклад ""Центрально-Європейський університет»",,,108.333333333333,183,142.1,"https://www.c-e-u.info",12475,,,500,"м. Київ",,69,184,3,,0,141,,139,,
"Приватний вищий навчальний заклад ""Академія рекреаційних технологій і права""",,,101,155,127.5,"http://www.artip.lutsk.ua",,,"273",273,"Волинська область",,157,337,2,,0,230,,317,,
"Приватний вищий навчальний заклад ""Бориспільський інститут муніципального менеджменту при Міжрегіональній Академії управління персоналом""",,,119,129.333333333333,124.6,"http://bor.maup.com.ua/",8133,,,500,"Київська область",,17,17,1,,0,17,,337,427,90
"Приватний вищий навчальний заклад ""Вінницький інститут конструювання одягу і підприємництва""",,,113,113,113,"http://vikop.org.ua",7800,,"285",285,"Вінницька область",,27,38,1,,0,41,,359,,
"Приватний вищий навчальний заклад ""Вінницький фінансово-економічний університет""",,,105.333333333333,151.666666666667,127.9,"http://vfeu.edu.ua",,,,500,"Вінницька область",,20,190,10,,0,40,,311,293,-18
"Приватний вищий навчальний заклад ""Галицька Академія""",,,,,,,,,,,,,18,21,1,,0,24,,393,259,-134
"Приватний вищий навчальний заклад ""Донецький університет економіки та права""",,,117.333333333333,175,140.8,"http://donuep.edu.ua",13900,,"261, 262",261,"Донецька область",,29,48,2,,0,72,,159,298,139
"Приватний вищий навчальний заклад ""Європейський університет""",,,105,182,129.3,"https://e-u.in.ua/",8000,,"125, 126",125,"м. Київ",,248,790,3,,0,510,,294,333,39
"Приватний вищий навчальний заклад ""Інститут ділового адміністрування""",,,0,0,0,"http://ida.in.ua/",8800,2016,"281, 282",281,"Дніпропетровська область",,2,34,17,,0,2,,394,,
"Приватний вищий навчальний заклад ""Інститут екології економіки і права""",,,121,144.666666666667,133.3,"https://ieep.org.ua",7900,,"268",268,"м. Київ",,5,181,36,,0,5,,255,303,48
"Приватний вищий навчальний заклад ""Київський інститут бізнесу та технологій"" Товариство з обмеженою відповідальністю",,,105.333333333333,160.666666666667,128.9,"http://kibit.edu.ua",23400,,,500,"м. Київ",,91,421,5,,0,91,,300,342,42
"ПРИВАТНИЙ ВИЩИЙ НАВЧАЛЬНИЙ ЗАКЛАД ""КИЇВСЬКИЙ МЕДИЧНИЙ УНІВЕРСИТЕТ""",-1,-27,103,183,144.032051282051,"http://kmu.edu.ua/",24700,,,,"м. Київ",,208,1678,8.06730769230769,,27,208,-4.80769230769231,115,126,11
"Приватний вищий навчальний заклад ""Київський університет культури""",,,102.5,190,137.1,"http://kuk-university.com/",,,,500,"м. Київ",,1058,3240,3,,0,1058,,204,,
"Приватний вищий навчальний заклад ""Комп`ютерна Академія ""Шаг""",,,108.333333333333,182,149.6,"https://high.itstep.org/",35000,,,500,"Львівська область",,37,37,1,,0,37,,60,,
"Приватний вищий навчальний заклад ""Кропивницький інститут державного та муніципального управління""",,,107.333333333333,163.666666666667,125.1,"http://kidmu.com.ua",10000,,,500,"Кіровоградська область",,41,84,2,,0,41,,331,,
"Приватний вищий навчальний заклад ""Львівський університет бізнесу та права""",2,1,108.666666666667,155.666666666667,129.1,"http://lubp.com.ua",15900,,"246",246,"Львівська область",,50,537,11,,0.5,111,18.018018018018,298,235,-63
"Приватний вищий навчальний заклад ""Макіївський економіко-гуманітарний інститут""",,,,,,,,,,,,,7,7,1,,0,24,,395,328,-67
"Приватний вищий навчальний заклад ""Медико-природничий університет""",,,111.333333333333,121,117.4,"http://vnz-mpu.com.ua",12000,,,500,"Миколаївська область",,7,16,2,,0,7,,351,,
"Приватний вищий навчальний заклад ""Мистецький інститут художнього моделювання та дизайну імені Сальвадора Далі""",,,112.333333333333,169,135.8,"http://mixmd.edu.ua",19470,,"233",233,"м. Київ",,59,155,3,,0,59,,226,331,105
"Приватний вищий навчальний заклад ""Міжнародна академія екології та медицини""",,,144,151.666666666667,147.555555555556,"http://maem.in.ua/ru",21250,2015,,,"м. Київ",,3,146,48.6666666666667,,,3,,76,236,160
"Приватний вищий навчальний заклад ""Міжнародний економіко-гуманітарний університет імені академіка Степана Дем'янчука""",,,101,189.333333333333,128,"http://www.regi.rovno.ua",8691,,"174",174,"Рівненська область",,454,1883,4,,0,776,,310,330,20
"Приватний вищий навчальний заклад ""Міжнародний класичний університет імені Пилипа Орлика""",,,104,139.666666666667,119.9,"https://mku.edu.ua",8000,,"269",269,"Миколаївська область",,13,225,17,,0,15,,345,,
"Приватний вищий навчальний заклад ""Міжнародний науково-технічний університет імені академіка Юрія Бугая""",,,100.333333333333,175.333333333333,128.4,"https://istu.edu.ua/abiturijentu/",13400,,"188, 189",188,"м. Київ",,269,1488,6,,0,443,,308,317,9
"Приватний вищий навчальний заклад ""Міжнародний університет фінансів""",,,115.333333333333,161.333333333333,139.8,"http://iuf.edu.ua",16000,,"211",211,"м. Київ",,21,159,8,,0,36,,176,164,-12
"Приватний вищий навчальний заклад ""Нікопольський економічний університет""",,,111,165.666666666667,131.4,"http://www.neu.edu.ua",9600,,"276",276,"Дніпропетровська область",,19,27,1,,0,26,,278,429,151
"Приватний вищий навчальний заклад ""Новокаховський політехнічний інститут""",,,118.333333333333,118.333333333333,118.3,"http://www.nkpi.com.ua",7000,,"284",284,"Херсонська область",,12,17,1,,0,12,,350,310,-40
"Приватний вищий навчальний заклад ""Тернопільський інститут соціальних та інформаційних технологій""",,,106.333333333333,168.666666666667,135.5,"https://www.tisit.edu.ua",7900,,"231",231,"Тернопільська область",,29,134,5,,0,66,,228,240,12
"Приватний вищий навчальний заклад ""Український гуманітарний інститут""",,,101,184.333333333333,141.4,"http://ugi.edu.ua",17055,,"217",217,"Київська область",,39,87,2,,0,39,,149,247,98
"Приватний вищий навчальний заклад ""Українсько-американський гуманітарний інститут ""Вісконсинський Міжнародний Університет (США) в Україні""",,,111,190.666666666667,160,"http://www.wiuu.edu.ua",22113,,"203",203,"м. Київ",,39,152,4,,0,39,,26,38,12
"Приватний вищий навчальний заклад ""Університет економіки і підприємництва""",,,112,124.333333333333,116.5,"https://www.uniep.km.ua",8800,,"248",248,"Хмельницька область",,7,32,5,,0,16,,352,,
"Приватний вищий навчальний заклад ""Університет сучасних знань""",,,106.666666666667,167.333333333333,135.3,"http://usz.1gb.ua",10900,,"125, 126",125,"м. Київ",,99,237,2,,0,138,,229,306,77
"Приватний вищий навчальний заклад «Буковинський університет»",,,109.666666666667,164.333333333333,131.8,"http://www.bukuniver.edu.ua",8750,,"204",204,"Чернівецька область",,13,264,20,,0,13,,274,340,66
"Приватний вищий навчальний заклад «Хмельницький економічний університет»",,,123.333333333333,173,146.7,"https://www.kheu.km.ua",,,"253",253,"Хмельницька область",,24,115,5,,0,55,,88,302,214
"Приватний вищий навчальний заклад Івано-Франківський університет права імені Короля Данила Галицького",,,105.5,190,139.9,"http://iful.edu.ua",12110,,"247",247,"Івано-Франківська область",,383,1161,3,,0,559,,173,244,71
"Приватний вищий навчальний заклад Міжнародний університет бізнесу і права",,,112.333333333333,115.666666666667,114.3,"http://www.mubip.com",,,"237",237,"Херсонська область",,26,72,3,,0,84,,357,370,13
"Приватний вищий навчальний заклад Університет новітніх технологій",,,142.666666666667,142.666666666667,142.7,"http://www.unt.kiev.ua",11400,,"272",272,"м. Київ",,12,52,4,,0,45,,137,,
"Приватний вищий навчальний заклад Харківський гуманітарний університет ""Народна українська академія""",,,107.333333333333,179.333333333333,145.7,"http://www.nua.kharkov.ua",16800,,"157",157,"Харківська область",,90,333,4,,0,162,,96,115,19
"Приватний заклад “Харківський гуманітарно-екологічний інститут”",,,0,0,0,"http://ecosoc.kharkov.ua",8000,,"275",275,"Харківська область",,2,19,10,,0,2,,396,,
"Придунайська філія  Приватного акціонерного товариства ""Вищий навчальний заклад ""Міжрегіональна Академія управління персоналом""",,,114,141.666666666667,124.9,"http://maup.in.ua/",7333,,,500,"Одеська область",,16,35,2,,0,16,,332,,
"Прикарпатський інститут імені Михайла Грушевського Приватного акціонерного товариства ""Вищий навчальний заклад ""Міжрегіональна Академія управління персоналом""",,,104.333333333333,153.666666666667,124.6,"http://pi-maup.lviv.ua",13450,,,500,"Львівська область",,11,16,1,,0,11,,336,,
"Рівненська філія Приватного вищого навчального закладу ""Європейський університет""",,,105.333333333333,105.333333333333,105.3,"http://rivne.e-u.in.ua/",8000,,,500,"Рівненська область",,10,24,2,,0,10,,361,,
"Рівненський державний гуманітарний університет",,,102,193,143.8,"http://www.rshu.edu.ua/",13882,,"164",164,"Рівненська область",451,1185,6852,6,15,0,2162,,122,104,-18
"Рівненський інститут Київського університету права Національної академії наук України",,,113,161,140.3,"rivne.kul.kiev.ua",13500,,,500,"Рівненська область",,33,91,3,,0,33,,168,,
"Самбірська філія Тернопільського національного економічного університету",,,0,0,0,"http://sambir.tneu.edu.ua/",,,,500,"Львівська область",,55,63,1,,0,55,,397,,
"Свалявська філія Національного університету харчових технологій",,,,,,,,,,,,,28,28,1,,0,28,,398,,
"Сєвєродонецький інститут Приватного акціонерного товариства ""Вищий навчальний заклад ""Міжрегіональна Академія управління персоналом""",,,109,127.666666666667,118.3,"http://sd.maup.com.ua/",7066,,,500,"Луганська область",,2,14,7,,0,2,,349,,
"Смілянська філія Національного університету харчових технологій",,,,,,,,,,,,,71,77,1,,0,71,,399,,
"Сумська філія Глухівського національного педагогічного університету імені Олександра Довженка",,,115.333333333333,129.666666666667,122.6,"http://new.gnpu.edu.ua/uk/vartist-vchannia1.html",12000,,,500,"Сумська область",,50,50,1,,0,50,,339,,
"Сумська філія Національного університету харчових технологій",,,,,,,,,,,,,39,41,1,,0,39,,400,,
"Сумський державний педагогічний університет імені А.С. Макаренка",,,103,186.666666666667,140.6,"sspu.sumy.ua/",9141,,"154",154,"Сумська область",255,740,2957,4,12,0,1464,,162,129,-33
"Сумський державний університет",416,1881,102.5,195.333333333333,152.3,"sumdu.edu.ua",14485,,"7",7,"Сумська область",644,1198,6737,6,10,4.5,2736,152.046783625731,52,88,36
"Сумський національний аграрний університет",14,55,101.333333333333,188,137.4,"http://www.sau.sumy.ua",,,"80",80,"Сумська область",554,1160,3607,3,7,3.9,2267,6.17556241729157,199,198,-1
"Східноєвропейський національний університет імені Лесі Українки",4,542,103,197.333333333333,154.6,"http://eenu.edu.ua",17180,,"45",45,"Волинська область",718,1744,10878,6,15,135.5,2954,1.354096140826,41,62,21
"Східноукраїнський національний університет імені Володимира Даля",0,181,100.5,183.666666666667,137,"https://snu.edu.ua",10138,,"146",146,"Луганська область",424,1067,2963,3,7,-1,1893,0,205,167,-38
"Таврійський державний агротехнологічний університет",12,3,102.333333333333,189,134.6,"http://www.tsatu.edu.ua",8583,,"90",90,"Запорізька область",425,989,2415,2,6,0.2,1772,6.77200902934537,238,260,22
"Таврійський національний університет імені В.І.Вернадського",,,104.5,190.5,154,"http://www.tnu.edu.ua",14131,,"238, 239",238,"м. Київ",277,526,3625,7,13,0,799,,44,102,58
"Тернопільський національний економічний університет",65,199,102,195,148.3,"http://www.tneu.edu.ua/",,,"27",27,"Тернопільська область",546,1935,9591,5,18,3.1,2625,24.7619047619048,71,47,-24
"Тернопільський національний педагогічний університет імені Володимира Гнатюка",6,70,104,195.333333333333,153.2,"http://tnpu.edu.ua",17689,,"59",59,"Тернопільська область",509,948,5195,5,10,11.7,2044,2.93542074363992,47,60,13
"Тернопільський національний технічний університет імені Івана Пулюя",1,152,105,195,146.4,"http://tntu.edu.ua",11600,,"38",38,"Тернопільська область",491,1098,5922,5,12,152,1922,0.520291363163372,91,122,31
"Технічний коледж Тернопільського національного технічного університету імені Івана Пулюя",,,,,,,,,,,,,77,83,1,,0,77,,401,,
"Товариство з обмеженою відповідальністю ""Академія адвокатури України""",,,112,180.666666666667,145.4,"http://vstup.aau.edu.ua",15040,,"161, 162",161,"м. Київ",,135,597,4,,0,254,,99,41,-58
"Товариство з обмеженою відповідальністю ""Бердянський університет менеджменту і бізнесу""",,,109,159.666666666667,125.9,"http://bumib.edu.ua",6375,,"186",186,"Запорізька область",,195,201,1,,0,365,,327,402,75
"Товариство з обмеженою відповідальністю ""Вищий навчальний заклад Східно-європейський слов'янський університет""",,,104.666666666667,136.333333333333,119,"http://eesu.uz.ua",11000,,"280",280,"Закарпатська область",,13,49,4,,0,13,,348,,
"Товариство з обмеженою відповідальністю ""Дніпровський медичний інститут традиційної і нетрадиційної медицини""",,,100,147,127.230769230769,"http://medinstitut.dp.ua",23600,,,,"Дніпропетровська область",,13,131,10.0769230769231,,,13,,319,217,-102
"Товариство з обмеженою відповідальністю ""Ізмаїльський інститут водного транспорту""",,,116,137,125.6,"http://iivt.org.ua",7166,2016,"263",263,"Одеська область",,23,80,3,,0,23,,328,319,-9
"Товариство з обмеженою відповідальністю ""Київський інститут банківської справи""",,,,,,,,,,,,,2,2,1,,0,34,,402,,
"Товариство з обмеженою відповідальністю ""Львівський медичний інститут""",,,106.333333333333,184.333333333333,145.166666666667,"http://www.medinstytut.lviv.ua/",,,,,"Львівська область",,28,620,22.1428571428571,,,28,,105,112,7
"Ужгородський торговельно-економічний інститут Київського національного торговельно-економічного університету",,,108,165.333333333333,134.2,"http://www.utei-knteu.org.ua/abiturientam.html",,,,500,"Закарпатська область",4,196,300,2,75,0,388,,244,256,12
"Українська академія друкарства",11,40,104.5,192.5,151,"http://www.uad.lviv.ua",7500,,"144",144,"Львівська область",195,482,1864,4,10,3.6,827,13.3010882708585,56,75,19
"Українська інженерно-педагогічна академія",11,8,104,190,132.3,"http://www.uipa.edu.ua",7500,,"64, 65",64,"Харківська область",134,535,1902,4,14,0.7,1374,8.00582241630277,268,268,0
"Український державний університет залізничного транспорту",6,42,100.333333333333,191.666666666667,139.9,"http://www.kart.edu.ua",9400,,"60, 61",60,"Харківська область",377,1293,3849,3,10,7,2876,2.08623087621697,172,174,2
"Уманська філія Приватного вищого навчального закладу ""Європейський університет""",,,137,159.333333333333,145,"http://uman.e-u.in.ua",7550,,,500,"Черкаська область",,20,30,2,,0,20,,107,,
"Уманська філія Приватного вищого навчального закладу «Київський інститут бізнесу та технологій» товариство з обмеженою відповідальністю",,,126,126,126,"http://kibit.edu.ua",12600,,,500,"Черкаська область",,7,16,2,,0,7,,326,,
"Уманський державний педагогічний університет імені Павла Тичини",5,30,102,192.666666666667,135.2,"https://udpu.org.ua/",,,"70, 71",70,"Черкаська область",490,2032,4494,2,9,6,3959,1.26294518817883,232,181,-51
"Уманський національний університет садівництва",23,8,102.666666666667,194,133.3,"http://admission.udau.edu.ua",10980,,"91",91,"Черкаська область",302,816,2857,4,9,0.3,1612,14.2679900744417,254,220,-34
"Університет державної фіскальної служби України",,,101.5,181.666666666667,145.2,"http://www.nusta.edu.ua",12768,,"137, 138",137,"Київська область",187,896,1874,2,10,0,1485,,103,29,-74
"Університет митної справи та фінансів",,,103.666666666667,190,147,"http://umsf.dp.ua",10700,,"173",173,"Дніпропетровська область",77,600,4317,7,56,0,1142,,84,31,-53
"Факультет ринкових, інформаційних та інноваційних технологій Київського національного університету технологій та дизайну",,,122.666666666667,139.666666666667,132,"http://knutd.edu.ua",7800,,,500,"Черкаська область",14,85,127,1,9,0,105,,270,,
"Філія ""Кременчуцький інститут вищого навчального закладу ""Університет імені Альфреда Нобеля""",,,116.333333333333,154.666666666667,134.5,"http://www.ki-duep.com",8975,,,500,"Полтавська область",,12,91,8,,0,12,,240,,
"Філія економічного факультету Львівського національного університету імені Івана Франка в місті Самборі",,,,,,,,,,,,,14,17,1,,0,14,,403,,
"Філія Національного університету харчових технологій у м. Львові",,,,,,,,,,,,,17,23,1,,0,17,,404,,
"Харківська державна академія дизайну і мистецтв",,,104.5,196,156.7,"http://www.ksada.org/index.html",15791,2016,"169",169,"Харківська область",103,281,287,1,3,0,400,,34,139,105
"Харківська державна академія культури",,,100.5,189,145.1,"http://www.ic.ac.kharkov.ua/",10233,,"143",143,"Харківська область",223,392,1374,4,6,0,392,,106,159,53
"Харківська державна академія фізичної культури",,,102.5,189.666666666667,130.7,"http://www.hdafk.kharkov.ua/",13350,,"252",252,"Харківська область",199,384,708,2,4,0,545,,283,381,98
"Харківська державна зооветеринарна академія",,,102.666666666667,176.666666666667,135,"http://hdzva.edu.ua",10666,,"187",187,"Харківська область",80,149,153,1,2,0,546,,233,209,-24
"Харківський державний університет харчування та торгівлі",18,8,103,179.666666666667,138.9,"http://www.hduht.edu.ua",8730,,"113",113,"Харківська область",76,755,2784,4,37,0.4,1293,13.9211136890951,183,131,-52
"Харківський економіко-правовий університет у формі товариства з обмеженою відповідальністю",,,112.666666666667,132,120.5,"http://hepu.edu.ua/",15800,,"219, 220",219,"Харківська область",,75,89,1,,0,82,,343,241,-102
"Харківський інститут фінансів Київського національного торговельно-економічного університету",,,103.333333333333,188.666666666667,146.4,"http://khif.edu.ua",7750,,,500,"Харківська область",13,49,532,11,41,0,49,,90,91,1
"Харківський навчально-науковий інститут Державного вищого навчального закладу ""Університет банківської справи""",,,113,176.666666666667,141.6,"http://khibs.ubs.edu.ua",10000,,,500,"Харківська область",15,100,622,6,41,0,205,,148,32,-116
"Харківський національний автомобільно-дорожній університет",12,46,101.333333333333,176.333333333333,129.1,"http://www.khadi.kharkov.ua",9800,,"48",48,"Харківська область",53,523,3743,7,71,3.8,884,13.5746606334842,297,215,-82
"Харківський національний аграрний університет ім. В.В. Докучаєва",1,1,102.333333333333,180,137.2,"http://www.ku.kharkov.ua",6500,,"128",128,"Харківська область",218,422,2318,5,11,1,1002,0.998003992015968,202,262,60
"Харківський національний економічний університет імені Семена Кузнеця",26,26,101.333333333333,196,155.2,"http://www.hneu.edu.ua",9972,,"54, 55",54,"Харківська область",250,1151,8400,7,34,1,2114,12.2989593188269,39,37,-2
"Харківський національний медичний університет",5,206,111.666666666667,197,164.709857723577,"http://www.knmu.kharkov.ua/",21937,,,,"Харківська область",,656,5786,8.82012195121951,,41.2,656,7.6219512195122,11,18,7
"Харківський національний педагогічний університет імені Г.С. Сковороди",,,100,190.333333333333,146.8,"http://pu.ac.kharkov.ua/",11000,,"110",110,"Харківська область",306,946,5967,6,20,0,1364,,86,141,55
"Харківський національний технічний університет сільського господарства імені Петра Василенка",10,5,101.666666666667,188.666666666667,131.9,"http://www.khntusg.com.ua",6800,,"86",86,"Харківська область",388,947,3213,3,8,0.5,1752,5.70776255707763,273,292,19
"Харківський національний університет будівництва та архітектури",11,4,103.333333333333,193,144.5,"http://www.kstuca.kharkov.ua",9333,,"117",117,"Харківська область",188,529,2180,4,12,0.4,1140,9.64912280701754,112,136,24
"Харківський національний університет внутрішніх справ",9,6,101,180.5,130.6,"http://www.univd.edu.ua",13400,,"139, 140",139,"Харківська область",,519,2541,5,,0.7,628,14.3312101910828,284,265,-19
"Харківський національний університет імені В.Н. Каразіна",768,5527,103.333333333333,198,164.1,"http://start.karazin.ua",16800,,"2-3",2,"Харківська область",972,2130,20010,9,21,7.2,3693,207.961007311129,12,13,1
"Харківський національний університет мистецтв імені І.П. Котляревського",,,108,191,152.8,"http://dum.kharkov.ua",17200,,"177, 178",177,"Харківська область",145,146,292,2,2,0,236,,51,170,119
"Харківський національний університет міського господарства імені О.М. Бекетова",89,156,103.333333333333,194,141.2,"http://abit.kme.edu.ua",12825,,"50",50,"Харківська область",469,1693,7643,5,16,1.8,2384,37.3322147651007,150,162,12
"Харківський національний університет Повітряних Сил імені Івана Кожедуба",9,19,115.666666666667,168,141.8,"http://www.hups.mil.gov.ua/",10250,,"89",89,"Харківська область",,39,309,8,,2.1,75,120,145,,
"Харківський національний університет радіоелектроніки",251,781,100.333333333333,196.333333333333,160.1,"http://nure.ua/uk",10900,,"15",15,"Харківська область",1057,1634,9179,6,9,3.1,2704,92.8254437869822,24,28,4
"Харківський регіональний інститут державного управління Національної академії державного управління при Президентові України",,,105.666666666667,191,140.9,"http://www.kbuapa.kharkov.ua",9212,,,500,"Харківська область",,117,570,5,,0,204,,157,208,51
"Харківський торговельно-економічний інститут Київського національного торговельно-економічного університету",,,102.666666666667,183,138.1,"http://htei.org.ua",9400,,,500,"Харківська область",17,272,1880,7,111,0,526,,194,110,-84
"Харківський торговельно-економічний коледж Київського національного торговельно-економічного університету",,,,,,,,,,,,,83,83,1,,0,83,,405,110,-295
"Херсонська державна морська академія",,,100,192.333333333333,141.1,"http://kma.ks.ua",19340,,"210",210,"Херсонська область",116,929,2095,2,18,0,1294,,153,269,116
"Херсонська філія Національного університету кораблебудування імені адмірала Макарова",,,102,186,134,"http://kb.nuos.edu.ua",,,,500,"Херсонська область",115,218,717,3,6,0,254,,247,238,-9
"Херсонський державний університет",25,101,101,195.333333333333,141.1,"http://www.kspu.edu",12245,,"64, 65",64,"Херсонська область",382,1205,3682,3,10,4,1967,12.709710218607,152,156,4
"Херсонський інститут Приватного акціонерного товариства ""Вищий навчальний заклад ""Міжрегіональна Академія управління персоналом""",,,118,144.333333333333,132.7,"http://maup.net.ua/",13750,,,500,"Херсонська область",,10,29,3,,0,10,,266,,
"Херсонський національний технічний університет",,,105.333333333333,191.666666666667,144.1,"http://kntu.net.ua",10800,,"111, 112",111,"Херсонська область",198,530,2558,5,13,0,1168,,114,140,26
"Херсонський політехнічний коледж Одеського національного політехнічного університету",,,0,0,0,"http://college.ks.ua",,,,500,"Херсонська область",,5,50,10,,0,5,,406,,
"Хмельницька гуманітарно-педагогічна академія",,,104.333333333333,188,142,"http://kgpa.km.ua",20625,,"212, 213",212,"Хмельницька область",219,336,340,1,2,0,506,,141,313,172
"Хмельницький інститут імені Блаженнішого Володимира, Митрополита Київського і всієї України Приватного акціонерного товариства ""Вищий навчальний заклад ""Міжрегіональна Академія управління персоналом""",,,105.333333333333,134,119.8,"http://www.maup.km.ua",9525,,,500,"Хмельницька область",,29,119,4,,0,29,,346,,
"Хмельницький інститут соціальних технологій вищого навчального закладу ""Відкритий міжнародний університет розвитку людини ""Україна""",,,106,169.666666666667,128.5,"http://www.hist.km.ua",10333,,"176",176,"Хмельницька область",,47,314,7,,0,69,,306,337,31
"Хмельницький кооперативний торговельно-економічний інститут",,,108.333333333333,168.333333333333,128.7,"http://www.xktei.km.ua",,,"260",260,"Хмельницька область",,247,690,3,,0,329,,301,278,-23
"Хмельницький національний університет",46,197,101,190.666666666667,140.3,"http://prk.khnu.km.ua",11857,,"29",29,"Хмельницька область",446,1592,7565,5,17,4.3,2658,17.306245297216,167,124,-43
"Хмельницький університет управління та права",,,108.666666666667,191.333333333333,147,"http://www.univer.km.ua",15026,,"150, 151",150,"Хмельницька область",45,217,889,4,20,0,321,,83,53,-30
"Центральноукраїнський державний педагогічний університет імені Володимира Винниченка (Кіровоградський державний педагогічний університет імені Володимира Винниченка)",0,7,101,194.666666666667,144.6,"http://www.kspu.kr.ua/",12886,,"92",92,"Кіровоградська область",360,857,3256,4,9,-1,1408,0,111,133,22
"Центральноукраїнський національний технічний університет",41,34,101.333333333333,190.333333333333,137.6,"http://www.kntu.kr.ua",11500,,"84",84,"Кіровоградська область",370,718,2788,4,8,0.8,1265,32.4110671936759,197,199,2
"Черкаська медична академія",,,115.666666666667,171.333333333333,146,"http://medcollege.ck.ua",,,,500,"Черкаська область",85,175,309,2,4,0,196,,93,,
"Черкаська філія Приватного вищого навчального закладу ""Європейський університет""",,,130.666666666667,143.333333333333,138.9,"http://cherkasi.e-u.in.ua",,,,500,"Черкаська область",,65,88,1,,0,65,,182,,
"Черкаський державний технологічний університет",11,6,104.333333333333,194.333333333333,143.9,"https://chdtu.edu.ua",11300,,"129",129,"Черкаська область",339,764,3539,5,10,0.5,1536,7.16145833333333,118,119,1
"Черкаський інститут пожежної безпеки імені Героїв Чорнобиля Національного університету цивільного захисту України",,,102.5,171,129.7,"http://fire.ck.ua",9150,,,500,"Черкаська область",108,184,635,3,6,0,224,,292,314,22
"Черкаський навчально-науковий інститут Державного вищого навчального закладу «Університет банківської справи»",,,117,184.333333333333,148.8,"https://cibs.ubs.edu.ua",12291,,,500,"Черкаська область",21,58,331,6,16,0,158,,68,35,-33
"Черкаський національний університет імені Богдана Хмельницького",0,221,103.5,193,147,"https://www.cdu.edu.ua",14059,,"39, 40",39,"Черкаська область",382,1179,6252,5,16,-1,1961,0,82,69,-13
"Чернівецький національний університет імені Юрія Федьковича",236,1952,100.5,197,151.9,"http://vstup.chnu.edu.ua",14803,,"9",9,"Чернівецька область",1064,3326,19944,6,19,8.3,5486,43.018592781626,53,58,5
"Чернівецький торговельно - економічний інститут Київського національного торговельно - економічного університету",,,101.333333333333,188,140.7,"http://www.chtei-knteu.cv.ua",11992,,,500,"Чернівецька область",65,535,1935,4,30,0,836,,161,109,-52
"Чернівецький факультет Національного технічного університету «Харківський політехнічний інститут»",,,103.666666666667,159,127.6,"http://www.kpi.kharkov.ua/ukr/faculty/chernivetskij/",9900,,,500,"Чернівецька область",8,69,179,3,22,0,69,,316,,
"Чернігівський інститут імені Героїв Крут Приватного акціонерного товариства ""Вищий навчальний заклад ""Міжрегіональна Академія управління персоналом""",,,116,166,135.7,"http://maupchern.pp.ua",9950,,,500,"Чернігівська область",,9,40,4,,0,9,,227,,
"Чернігівський інститут інформації, бізнесу і права Приватного вищого навчального закладу «Міжнародний науково-технічний університет імені академіка Юрія Бугая»",,,106.666666666667,162,132.8,"istu.edu.ua/abiturijentu/vartist-vchannja/chernigivskii-institut-informaciji-biznesu-i-prava-pvnz-mntu/",8100,,,500,"Чернігівська область",,10,87,9,,0,10,,264,,
"Чернігівський національний педагогічний університет імені Т.Г. Шевченка",,,100.5,197.333333333333,143.2,"http://chnpu.edu.ua",,,"170",170,"Чернігівська область",368,654,2795,4,8,0,1200,,126,106,-20
"Чернігівський національний технологічний університет",54,165,102.333333333333,193.333333333333,145.2,"http://www.stu.cn.ua",,,"60, 61",60,"Чернігівська область",406,1320,5651,4,14,3.1,2365,22.8329809725159,104,70,-34
"Чорноморський національний університет імені Петра Могили",29,50,100,192,147.4,"https://chmnu.edu.ua",,,"121",121,"Миколаївська область",248,867,3965,5,16,1.7,1426,20.3366058906031,78,61,-17
"Чортківський навчально-науковий інститут підприємництва і бізнесу Тернопільського національного економічного університету",,,111.666666666667,138.666666666667,124.7,"http://chnnipb.tneu.edu.ua/",,,,500,"Тернопільська область",5,71,127,2,25,0,120,,334,,
"Шосткинський інститут Сумського державного університету",,,105,173.333333333333,132.5,"http://shinst.sumdu.edu.ua",,,,500,"Сумська область",27,40,222,6,8,0,61,,267,,
"Яготинський інститут Приватного акціонерного товариства ""Вищий навчальний заклад ""Міжрегіональна Академія управління персоналом""",,,112.333333333333,187.333333333333,126,"http://yagotin.maup.com.ua/",,,,500,"Київська область",,25,29,1,,0,25,,325,,
