"univ","from","to","mean","total_apps","stud_apps","budget_apps","total_per_place","budg_per_place","link","price","year","scopus_public","scopus_qoutes","rate_place","rate_sort"
"Закарпатський угорський інститут імені Ференца Ракоці ІІ",100.5,189.666666666667,131,196,123,0,1,,"http://kmf.uz.ua/uk/",6953,,,,"179",179
"Київський кооперативний інститут бізнесу і права",102.666666666667,162.666666666667,127,80,20,0,4,,"http://kkibp.edu.ua/uk/",13000,,,,"218",218
"Класичний приватний університет",101.5,176.666666666667,130,521,72,0,7,,"http://virtuni.education.zp.ua",9839,,,,"160",160
"Харківський економіко-правовий університет" у формі товариства з обмеженою відповідальністю",112.666666666667,132,120,7,7,0,1,,"http://hepu.edu.ua/",15800,,,,"219, 220",219
"Азовський морський інститут Національного університету «Одеська морська академія»",105.666666666667,191.333333333333,143,342,111,22,3,15,"http://ami.edu.ua/ua/",15000,,,,,500
"Академія Державної пенітенціарної служби",101,181.333333333333,132,235,161,148,1,1,"http://academy.kvs.gov.ua",10333,,,,,500
"Академія праці, соціальних відносин і туризму",103.666666666667,180.666666666667,133,1038,131,0,7,,,11666,,,,"158, 159",158
"Барська філія Глухівського національного педагогічного університету імені Олександра Довженка",0,0,0,6,0,0,0,,"http://new.gnpu.edu.ua/uk/",12000,,,,,500
"Бердянський державний педагогічний університет",101.5,186.333333333333,136,527,484,196,1,2,"http://bdpu.org/sites/bdpu.org/files/vartist.pdf",9200,,,,"115",115
"Білоцерківський інститут економіки та управління вищого навчального закладу «Відкритий міжнародний університет розвитку людини «Україна»",112,158.666666666667,128,80,10,0,8,,"http://bc-uu.com.ua",10700,,,,,500
"Білоцерківський коледж фінансів, обліку та аудиту Національної академії статистики, обліку та аудиту",0,0,0,3,0,0,0,,"https://bfdasoa.com.ua/",10000,,,,,500
"Білоцерківський національний аграрний університет",102.666666666667,191.333333333333,136,2242,463,150,4,14,"http://btsau.edu.ua",11912,,21,21,"145",145
"Бурштинський енергетичний коледж Івано-Франківського національного технічного університету нафти і газу",0,0,0,4,0,0,0,,"http://bek.if.ua",,,,,,500
"Вищий державний навчальний заклад України ""Буковинський державний медичний університет""",132,158.333333333333,140,153,4,0,38,,"http://vstup.bsmu.edu.ua",26000,,562,563,"34,35",34
"Вищий навчальний заклад ""Відкритий міжнародний університет розвитку людини ""Україна""",103,184,130,1070,124,0,8,,"http://ab.uu.edu.ua/",7400,2016,42,66,"147, 148",147
"Вищий навчальний заклад ""Київська Академія перукарського мистецтва""",106.5,168.5,130,61,41,0,1,,"http://kapi.com.ua/",15600,,,,"184",184
"Вищий навчальний заклад ""Київський університет ринкових відносин"" у формі товариства з обмеженою відповідальністю",109.333333333333,146.666666666667,125,238,12,0,19,,"http://kumr.edu.ua",12397,,,,"230",230
"Вищий навчальний заклад ""Міжнародний технологічний університет ""Миколаївська політехніка""",100.333333333333,123,112,36,7,0,5,,"http://mpi.mk.ua/",7140,,,,"270",270
"Вищий навчальний заклад ""Одеська державна академія технічного регулювання та якості""",124,161.666666666667,138,51,5,2,10,25,"http://kachestvo.od.ua",8150,,12,7,"228, 229",228
"Вищий навчальний заклад ""Приватне акціонерне товариство ""Волинський інститут економіки та менеджменту""",0,0,0,60,0,0,0,,"http://viem.edu.ua",10000,,,,"214",214
"Вищий навчальний заклад ""Приватне акціонерне товариство ""Львівський інститут менеджменту""",113.666666666667,183.333333333333,140,239,26,0,9,,"http://www.lim.lviv.ua",12500,,,,"198",198
"Вищий навчальний заклад ""Східноєвропейський університет економіки і менеджменту"" (у формі товариства з обмеженою відповідальністю)",0,0,0,293,0,0,0,,"http://www.suem.edu.ua",10200,,,,"208",208
"Вищий навчальний заклад ""Український католицький університет""",129.666666666667,198.666666666667,177,1272,319,0,4,,"https://ucu.edu.ua/",29000,,,,"124",124
"Вищий навчальний заклад ""Університет економіки та права ""КРОК""",103,186,133,2746,300,0,9,,"http://www.krok.edu.ua",14620,,5,5,"73",73
"Вищий навчальний заклад ""Університет імені Альфреда Нобеля""",100.666666666667,196,142,3587,630,0,5,,"http://abit.duan.edu.ua/uk/",13740,,12,3,"103",103
"Вищий навчальний заклад Інститут реклами (у формі товариства з обмеженою відповідальністю)",109.5,169,136,48,10,0,4,,"http://ir.edu.ua",9250,,,,"258",258
"Вищий навчальний заклад Укоопспілки ""Полтавський університет економіки і торгівлі""",102.333333333333,191,137,2045,390,0,5,,"http://puet.edu.ua/",9445,,65,43,"165",165
"Вищий навчальний комунальний заклад Львівської обласної ради ""Львівський інститут медсестринства та лабораторної медицини  ім. Андрея Крупинського""",112.666666666667,182,160,309,20,15,15,20,"http://limilm.lviv.ua/vstup",10700,,,,,500
"Вищий навчальний приватний заклад ""Дніпропетровський гуманітарний університет""",102,177.333333333333,130,1263,150,0,8,,"http://dgu.com.ua",11466,,,,"238, 239",238
"Відокремлений підрозділ ""Дніпровський факультет менеджменту і бізнесу Київського університету культури""",101,184.5,129,200,101,0,2,,,,,,,,500
"Відокремлений підрозділ ""Львівська філія Київського національного університету культури і мистецтв""",114,182.666666666667,148,93,92,51,1,1,"http://lfknukim.info/",,,,,,500
"Відокремлений підрозділ ""Львівський факультет менеджменту і бізнесу Київського університету культури""",106.333333333333,163.5,131,147,35,0,4,,,,,,,,500
"Відокремлений підрозділ ""Миколаївська філія Київського національного університету культури і мистецтв""",104.5,185.666666666667,137,134,132,78,1,1,"http://www.mfknukim.mk.ua/",,,,,,500
"Відокремлений підрозділ ""Миколаївський факультет менеджменту і бізнесу Київського університету культури""",102,176.5,127,282,109,0,2,,,,,,,,500
"Відокремлений підрозділ Національного університету біоресурсів і природокористування України ""Бережанський агротехнічний інститут""",100,167.333333333333,132,177,44,18,4,9,"http://www.bati.nubip.edu.ua/index.php/ua/",17165,,,,,500
"Відокремлений підрозділ Національного університету біоресурсів і природокористування України ""Ніжинський агротехнічний інститут""",103.666666666667,170.333333333333,129,194,47,20,4,9,"http://ti.org.ua/",17165,,,,,500
"Відокремлений підрозділ приватного акціонерного товариства ""Приватний вищий навчальний заклад ""Запорізький інститут економіки та інформаційних технологій"" у м. Кривий Ріг",0,0,0,7,0,0,0,,"http://www.econom.zp.ua",11908,,,,,500
"Відокремлений підрозділ приватного акціонерного товариства «Приватний вищий навчальний заклад «Запорізький інститут економіки та інформаційних технологій» у м. Мелітополь",0,0,0,7,0,0,0,,"http://www.mvpzieit.com.ua",9975,,,,,500
"Відокремлений структурний підрозділ ""Інститут інноваційної освіти Київського національного університету будівництва і архітектури""",144,144,144,2,1,0,2,,"http://www.knuba.edu.ua/",13500,,,,,500
"Відокремлений структурний підрозділ Навчально-науковий інститут підприємництва та перспективних технологій Національного університету ""Львівська політехніка""",120.333333333333,163.333333333333,142,212,16,0,13,,"http://ippt.lp.edu.ua",13692,,,,,500
"Відокремлений структурний підрозділ Національного авіаційного університету ""Кіровоградська льотна академія Національного авіаційного університету""",106,190,149,258,117,69,2,3,"http://www.glau.kr.ua",11981,,,,,500
"Вінницька філія Приватного вищого навчального закладу «Київський інститут бізнесу та технологій» товариство з обмеженою відповідальністю",0,0,0,4,0,0,0,,"http://kibit.edu.ua/ru/where/vinnitsa/",10500,,,,,500
"Вінницька філія Приватного вищого навчального закладу «Університет сучасних знань»",106.333333333333,118,113,41,3,0,13,,"http://usz.vn.ua",8200,,,,,500
"Вінницький державний педагогічний університет імені Михайла Коцюбинського",101,192.333333333333,144,4855,850,336,5,14,"http://www.vspu.edu.ua",9323,,,,"149",149
"Вінницький інститут Приватного акціонерного товариства ""Вищий навчальний заклад ""Міжрегіональна Академія управління персоналом""",0,0,0,19,0,0,0,,"http://www.maup.vn.ua/",7625,,,,,500
"Вінницький кооперативний інститут",121.666666666667,148.333333333333,134,85,5,0,17,,"http://www.vki.vin.ua/",13000,,,,"235",235
"Вінницький навчально-науковий інститут економіки Тернопільського національного економічного університету",105.333333333333,181.666666666667,136,423,55,14,7,30,"http://www.vie.vin.ua/",,,,,,500
"Вінницький національний аграрний університет",100.333333333333,186.666666666667,135,5046,784,209,6,24,"http://www.vsau.org",8625,,,,"118",118
"Вінницький національний технічний університет",102.333333333333,192,149,5114,623,369,8,13,"http://vntu.edu.ua",9100,,439,542,"23",23
"Вінницький соціально-економічний інститут Вищого навчального закладу ""Відкритий міжнародний університет розвитку людини ""Україна""",110.666666666667,144.333333333333,127,169,13,0,13,,"http://vn.vmurol.com.ua",8775,,,,,500
"Вінницький торговельно - економічний інститут Київського національного торговельно - економічного університету",105.333333333333,189,141,3647,521,55,7,66,"http://www.vtei.com.ua",10087,,,,,500
"Волинський інститут імені В'ячеслава Липинського Приватного акціонерного товариства ""Вищий навчальний заклад ""Міжрегіональна Академія управління персоналом""",110,125.333333333333,116,20,3,0,6,,"http://volyn.maup.com.ua",10380,,,,,500
"Глухівський національний педагогічний університет імені Олександра Довженка",105,182,136,624,121,103,5,6,"http://new.gnpu.edu.ua/",12000,,,,"192, 193",192
"Горлівський інститут іноземних мов Державного вищого навчального закладу ""Донбаський державний педагогічний університет""",103.5,189.333333333333,143,425,136,98,3,4,"-",12419,,,,,500
"Горлівський регіональний інститут вищого навчального закладу ""Відкритий міжнародний університет розвитку людини ""Україна""",0,0,0,1,0,0,0,,"http://griuu.org",11500,,,,,500
"Державний вищий навчальний заклад ""Донбаський державний педагогічний університет""",104,181.333333333333,136,1247,324,193,3,6,"http://www.slavdpu.dn.ua/",12419,,,,"180",180
"Державний вищий навчальний заклад ""Донецький національний технічний університет""",101.333333333333,183.333333333333,137,1165,267,176,4,6,"http://donntu.edu.ua",13600,,1107,2160,"17",17
"Державний вищий навчальний заклад ""Івано-Франківський національний медичний університет""",116.666666666667,176.666666666667,139,208,31,0,6,,"http://www.ifnmu.edu.ua",26400,,48,441,"62",62
"Державний вищий навчальний заклад ""Київський національний економічний університет імені Вадима Гетьмана""",103.666666666667,197.666666666667,160,18512,2011,560,9,33,"http://kneu.edu.ua",21300,,156,124,"30",30
"Державний вищий навчальний заклад ""Криворізький державний педагогічний університет""",101,195.666666666667,143,2793,613,297,4,9,"http://kdpu.edu.ua",12661,,,,"172",172
"Державний вищий навчальний заклад ""Криворізький національний університет""",102.666666666667,195,142,2522,430,253,5,10,"http://knu.edu.ua",10554,,194,312,"70, 71",70
"Державний вищий навчальний заклад ""Національний гірничий університет""",101.333333333333,198,148,7324,957,383,7,19,"http://www.nmu.org.ua",11233,,516,225,"28",28
"Державний вищий навчальний заклад ""Національний лісотехнічний університет України""",103.333333333333,192,145,2150,208,121,10,17,"http://pk.nltu.edu.ua",9816,,130,978,"49",49
"Державний вищий навчальний заклад ""Переяслав-Хмельницький державний педагогічний університет імені Григорія Сковороди""",100,192.666666666667,134,1675,364,278,4,6,"http://phdpu.edu.ua",10465,,,,"93",93
"Державний вищий навчальний заклад ""Приазовський державний технічний університет""",100.666666666667,194.666666666667,140,1879,401,191,4,9,"http://pstu.edu",8475,,391,327,"77",77
"Державний вищий навчальний заклад ""Придніпровська державна академія будівництва та архітектури""",103.666666666667,191.5,146,2227,379,174,5,12,"http://new.pgasa.dp.ua",9750,,178,511,"68",68
"Державний вищий навчальний заклад ""Прикарпатський національний університет імені Василя Стефаника""",100.333333333333,195.666666666667,147,4724,1992,586,2,8,"http://www.pu.if.ua",11277,,436,4208,"16",16
"Державний вищий навчальний заклад ""Тернопiльський державний медичний університет iменi I.Я. Горбачевського Міністерства охорони здоров`я України""",113.666666666667,174.666666666667,144,251,35,9,7,27,"http://vstup.tdmu.edu.ua",23000,,299,247,"54, 55",54
"Державний вищий навчальний заклад ""Ужгородський національний університет""",100.666666666667,195,145,9916,1671,572,5,17,"http://www.uzhnu.edu.ua",12277,,1660,6737,"20, 21",20
"Державний вищий навчальний заклад ""Український державний хіміко-технологічний університет""",101.666666666667,196.666666666667,138,3143,387,106,8,29,"http://udhtu.edu.ua",9500,,712,4236,"88",88
"Державний вищий навчальний заклад ""Університет банківської справи""",112.333333333333,193.333333333333,162,726,44,23,16,31,"http://ubs.edu.ua",15500,,55,30,"76",76
"Державний вищий навчальний заклад ""Університет менеджменту освіти""",104.666666666667,167.666666666667,133,464,87,0,5,,"http://umo.edu.ua/",9666,,,,"183",183
"Державний вищий навчальний заклад ""Херсонський державний аграрний університет""",104,175.666666666667,133,1248,219,64,5,19,"http://www.ksau.kherson.ua",9000,,,,"135, 136",135
"Державний заклад ""Дніпропетровська медична академія Міністерства охорони здоров'я України""",112.333333333333,172,138,211,23,6,9,35,"http://www.dsma.dp.ua",33063,,265,2567,"46",46
"Державний заклад ""Луганський національний університет імені Тараса Шевченка""",100.333333333333,191.5,133,1582,438,308,3,5,"http://luguniv.edu.ua",9071,,93,230,"52",52
"Державний заклад «Південноукраїнський національний педагогічний університет імені К.Д. Ушинського»",101.333333333333,192.666666666667,139,4170,629,201,6,20,"http://www.pdpu.edu.ua",10585,,111,807,"53",53
"Державний університет інфраструктури та технологій",101.666666666667,187,134,926,164,28,5,33,"http://duit.org.ua",14580,,,,,500
"Державний університет телекомунікацій",103,189,144,5628,712,181,7,31,"http://www.dut.edu.ua",14066,,,,"127",127
"Дніпровська філія вищого навчального закладу «Відкритий міжнародний університет розвитку людини «Україна»",0,0,0,2,0,0,0,,"http://dn.vmurol.com.ua",7975,,,,,500
"Дніпровський державний технічний університет",103.333333333333,186.666666666667,136,861,120,45,7,19,"http://www.dstu.dp.ua/uni/index.html",9240,,106,49,"156",156
"Дніпропетровський державний аграрно-економічний університет",101.666666666667,198,136,3420,516,204,6,16,"https://www.dsau.dp.ua/",10400,,39,39,"107, 108",107
"Дніпропетровський державний інститут фізичної культури і спорту",101,179,128,345,156,94,2,3,"http://infiz.dp.ua/",11240,,,,,500
"Дніпропетровський державний університет внутрішніх справ",101.5,188,131,588,579,0,1,,"http://dduvs.in.ua",13650,,,,"192, 193",192
"Дніпропетровський інститут Приватного акціонерного товариства ""Вищий навчальний заклад ""Міжрегіональна Академія управління персоналом""",103.666666666667,131.666666666667,114,84,4,0,21,,"http://maup.dp.ua/",10866,,,,,500
"Дніпропетровський національний університет залізничного транспорту імені академіка В. Лазаряна",102.333333333333,194.666666666667,148,4100,401,216,10,19,"http://diit.edu.ua/",11372,,142,366,"51",51
"Дніпропетровський національний університет імені Олеся Гончара",113,196,159,14510,1448,607,10,23,"http://www.dnu.dp.ua/",13362,,3184,10249,"11",11
"Дніпропетровський регіональний інститут державного управління Національної академії державного управління при Президентові України",102.666666666667,179,134,188,16,0,11,,"http://www.dridu.dp.ua",12000,,,,,500
"Донбаська державна машинобудівна академія",100,186.333333333333,139,700,159,116,4,6,"http://www.dgma.donetsk.ua",12375,,336,1626,"42",42
"Донбаська національна академія будівництва і архітектури",104.333333333333,186,141,200,54,46,3,4,"http://www.donba.edu.ua/",15000,,50,190,"130, 131",130
"Донбаський державний технічний університет",100,164.333333333333,124,123,40,34,3,3,"http://dondtu.edu.ua",9166,,,,"219, 220",219
"Донецька філія Приватного вищого навчального закладу «Університет сучасних знань»",121,162,134,5,4,0,1,,"http://usz.1gb.ua",10900,,,,,500
"Донецький державний університет управління",104.333333333333,174,143,467,72,51,6,9,"http://dsum.edu.ua",11080,,48,181,"107, 108",107
"Донецький національний університет економіки і торгівлі імені Михайла Туган-Барановського",105.333333333333,184,142,803,131,85,6,9,"http://old.donnuet.edu.ua",12733,,13,78,"155",155
"Донецький національний університет імені Василя Стуса",104,194.666666666667,152,6257,911,335,6,18,"http://www.donnu.edu.ua",13084,,1708,4129,"18",18
"Донецький юридичний інститут МВС України",102.333333333333,172.666666666667,129,165,39,0,4,,"http://www.dli.donetsk.ua",12450,,,,"190",190
"Дрогобицький державний педагогічний університет імені Івана Франка",100,192.333333333333,147,3778,509,287,7,13,"http://pk.drohobych.net",12801,,,,"249, 250",249
"Дубенська філія вищого навчального закладу ""Відкритий міжнародний університет розвитку людини ""Україна""",133.666666666667,133.666666666667,133,7,1,0,7,,"http://dubno.vmurol.com.ua",6008,2016,,,,500
"Дунайський інститут Національного університету «Одеська морська академія»",106.333333333333,183,138,312,85,6,3,52,"http://dinuoma.com.ua",20050,,,,,500
"Дунайський факультет морського та річкового транспорту Державного університету інфраструктури та технологій",0,0,0,60,0,0,0,,"http://www.maritime.kiev.ua/dujskij-fakultet/",18209,,,,,500
"Економіко-гуманітарний факультет Запорізького національного університету у м.Мелітополі Запорізької області",102,181,132,108,24,0,4,,"http://egfznu.com.ua",9700,,,,,500
"Енергодарський інститут державного та муніципального управління імені  Р.Г.  Хеноха  ""Класичного приватного університету""",0,0,0,11,0,0,0,,"http://eidmu.zp.ua/index.php/abiturienti",9005,,,,,500
"Житомирська філія Приватного вищого навчального закладу ""Європейський університет""",0,0,0,1,0,0,0,,"http://zhitomir.e-u.in.ua/",0,,,,,500
"Житомирська філія Приватного вищого навчального закладу «Київський інститут бізнесу та технологій» товариство з обмеженою відповідальністю",107,135.666666666667,122,75,9,0,8,,"http://kibit.edu.ua",12600,,,,,500
"Житомирська філія Приватного вищого навчального закладу «Університет сучасних знань»",174.333333333333,174.333333333333,174,8,1,0,8,,"http://usz.1gb.ua/ua/pro-universitet/filiji-ta-regiolni-pidrozdili/40-filiya-m-zhitomir",11200,,,,,500
"Житомирський державний технологічний університет",104.666666666667,189.666666666667,145,3139,442,183,7,17,"https://vstup.ztu.edu.ua",16860,,161,334,"74",74
"Житомирський державний університет імені Івана Франка",103.5,194.666666666667,144,4535,823,319,5,14,"https://zu.edu.ua",13093,,122,152,"83",83
"Житомирський економіко-гуманітарний інститут Вищого навчального закладу ""Відкритий міжнародний університет розвитку людини ""Україна""",118,162,134,69,7,0,9,,"http://vmurol.zt.ua/abitur.html",9000,,,,,500
"Житомирський інститут Приватного акціонерного товариства ""Вищий навчальний заклад ""Міжрегіональна Академія управління персоналом""",112.333333333333,120.333333333333,116,40,2,0,20,,"http://maup.zt.ua/spetsialnosti.html",14275,,,,,500
"Житомирський національний агроекологічний університет",100.666666666667,191.333333333333,136,4032,688,242,5,16,"http://zu.edu.ua",10960,,,,"141",141
"Закарпатська академія мистецтв",108,187,142,57,38,14,1,4,"http://artedu.uz.ua/vst_abit.html",,,,,"133, 134",133
"Запорізька державна інженерна академія",101.333333333333,185.666666666667,143,1176,143,75,8,15,"http://www.zgia.zp.ua",8333,,268,405,"94",94
"Запорізький державний медичний університет",107.333333333333,178,134,598,93,0,6,,"http://zsmu.edu.ua",20400,,210,589,"78, 79",78
"Запорізький національний технічний університет",101,194,138,6773,1183,283,5,23,"http://pk.zntu.edu.ua",10505,,568,766,"32",32
"Запорізький національний університет",102,195.333333333333,145,9760,1465,254,6,38,"https://web.znu.edu.ua/pk/index.php",10076,,241,344,"43",43
"Західнодонбаський інститут Приватного акціонерного товариства ""Вищий навчальний заклад ""Міжрегіональна академія управління персоналом""",148.333333333333,148.333333333333,148,3,1,0,3,,"http://zi-maup.edukit.dp.ua/abituriyentam/",9972,,,,,500
"Івано-Франківська філія Вищого навчального закладу ""Відкритий міжнародний університет розвитку людини ""Україна""",135.333333333333,135.333333333333,135,4,1,0,4,,"http://if.vmurol.com.ua",,,,,,500
"Івано-Франківський навчально-науковий інститут менеджменту Тернопільського національного економічного університету",105.333333333333,191.666666666667,141,256,34,6,7,42,"http://www.ifim.tneu.edu.ua",10500,2016,,,,500
"Івано-Франківський національний технічний університет нафти і газу",102,195,149,5334,746,377,7,14,"http://nung.edu.ua",10280,,223,166,"33",33
"Ізмаїльський державний гуманітарний університет",101.333333333333,186,138,1007,215,118,4,8,"http://idgu.edu.ua/",12038,,,,"212, 213",212
"Індустріальний інститут Державного вищого навчального закладу ""Донецький національний технічний університет""",106.333333333333,162.666666666667,127,217,45,37,4,5,"http://kii.donntu.edu.ua/",,2016,,,,500
"Інститут підготовки кадрів державної служби зайнятості України",114.333333333333,158.333333333333,134,30,10,0,3,,"http://ipk.edu.ua",12380,,,,"240",240
"Інститут управління і права Національного юридичного університету імені Ярослава Мудрого",136.666666666667,172.333333333333,153,76,3,0,25,,"http://vstup.nlu.edu.ua/",18000,,,,,500
"Інститут управління природними ресурсами Вищого навчального закладу «Університет економіки та права «КРОК»",0,0,0,27,0,0,0,,"http://www.krok.edu.ua/ua/umovi-vstupu/umovi-vstupu-do-iupr",9250,,,,,500
"Інститут хімічних технологій Східноукраїнського національного університету імені Володимира Даля (м. Рубіжне)",107,173.666666666667,128,127,32,7,4,18,"http://iht.lg.ua/",8250,,,,,500
"Кам'янець-Подільський національний університет імені Івана Огієнка",101,191.666666666667,143,654,637,344,1,1,"http://vstup.kpnu.edu.ua",9691,,13,8,"100",100
"Карпатський інститут підприємництва Вищого навчального закладу ""Відкритий міжнародний університет розвитку людини ""Україна""",110.333333333333,134.333333333333,120,34,5,0,6,,"http://hust.vmurol.com.ua",9500,,,,,500
"Київська дитяча Академія мистецтв",115,164.5,141,16,11,9,1,1,"http://www.kdam.kiev.ua/",,,,,"257",257
"Київська муніципальна академія естрадного та циркового мистецтв",109.5,188,146,66,65,43,1,1,"https://circusacademy.kiev.ua",27000,,,,"255",255
"Київський державний інститут декоративно-прикладного мистецтва і дизайну імені Михайла Бойчука",110,194.5,154,354,107,44,3,8,"http://kdidpmid.edu.ua",13950,,,,"266",266
"Київський інститут музики ім. Р.М. Глієра",125,171,146,32,15,8,2,4,"http://www.glierinstitute.org",34500,,,,"227",227
"Київський національний лінгвістичний університет",113,197,164,10955,1215,335,9,32,"https://onedrive.live.com",23836,,,,"102",102
"Київський національний торговельно-економічний університет",101.333333333333,196.333333333333,155,24529,2716,612,9,40,"https://knteu.kiev.ua",20584,,140,115,"39, 40",39
"Київський національний університет будівництва і архітектури",105.666666666667,197.5,155,5803,898,462,6,12,"http://www.knuba.edu.ua/",13500,,356,543,"36",36
"Київський національний університет імені Тараса Шевченка",117,199,177,43877,4140,2548,10,17,"http://vstup.univ.kiev.ua/",33219,,14802,68483,"1",1
"Київський національний університет культури і мистецтв",103.5,195,157,1033,1026,732,1,1,"http://knukim.edu.ua",,,,,"97",97
"Київський національний університет театру, кіно і телебачення імені І.К. Карпенка-Карого",106,195,158,316,246,129,1,2,"http://knutkt.com.ua",24646,,,,"194",194
"Київський національний університет технологій та дизайну",100.333333333333,193,144,5362,653,202,8,26,"http://knutd.edu.ua",13143,,269,1683,"26",26
"Київський університет імені Бориса Грінченка",100,196.5,156,12074,1212,380,10,31,"http://kubg.edu.ua",16732,,17,12,"72",72
"Київський університет права Національної академії наук України",106.333333333333,178.666666666667,143,705,31,0,22,,"http://kul.kiev.ua",19900,,,,"166, 167",166
"Київський університет туризму, економіки і права",103.666666666667,165,125,1795,93,0,19,,"http://www.kutep.ua",17400,,,,"201",201
"Кіровоградський інститут комерції",127,128.666666666667,127,38,2,0,19,,"http://www.kik.kr.ua/",,,,,"226",226
"Кіровоградський інститут Приватного акціонерного товариства ""Вищий навчальний заклад ""Міжрегіональна Академія управління персоналом""",108.333333333333,137.666666666667,123,30,10,0,3,,"http://maupkirovograd.com.ua",6510,,,,,500
"Кіровоградський інститут розвитку людини вищого навчального закладу Відкритий міжнародний університет розвитку людини ""Україна""",104.666666666667,164,129,99,22,0,4,,"http://vmurol.kr.ua",6750,,,,,500
"Коледж економіки і технологій Чернігівського національного технологічного університету",0,0,0,7,0,0,0,,"http://ket.stu.cn.ua/",,,,,,500
"Коледж Національного фармацевтичного університету",106.666666666667,171,137,61,33,0,1,,"http://college.nuph.edu.ua",13980,,,,,500
"Коломийський навчально-науковий інститут Прикарпатського національного університету імені Василя Стефаника",104,179.333333333333,132,67,45,2,1,33,"http://www.pu.if.ua/depart/Kolomiya/ua/",10233,,,,,500
"Комунальний вищий навчальний заклад ""Вінницька академія неперервної освіти""",0,0,0,19,0,0,0,,"http://academia.vinnica.ua",,,,,"199, 200",199
"Комунальний вищий навчальний заклад ""Житомирський інститут медсестринства"" Житомирської обласної ради",106.333333333333,167,139,273,47,22,5,12,"http://www.zhim.org.ua",,,,,"267",267
"Комунальний вищий навчальний заклад «Хортицька національна навчально-реабілітаційна академія» Запорізької обласної ради",103.5,173,140,346,114,85,3,4,"http://khnnra.com.ua",5500,,,,,500
"Комунальний заклад ""Харківська гуманітарно-педагогічна академія"" Харківської обласної ради",103,182,139,904,269,233,3,3,"http://hgpa.kharkov.com",15704,,,,"261, 262",261
"Конотопський інститут Сумського державного університету",114,163.333333333333,136,62,13,3,4,20,"http://ki.sumdu.edu.ua/abturyentu/",12200,,,,,500
"Косівський інститут прикладного та декоративного мистецтва Львівської національної академії мистецтв",105.5,189.5,138,65,25,23,2,2,"http://kipdm.com",16966,,,,,500
"Кременецька обласна гуманітарно-педагогічна академія ім. Тараса Шевченка",100.5,177.333333333333,136,745,223,145,3,5,"http://www.kogpi.edu.te.ua/",10870,,,,"209",209
"Кременчуцький льотний коледж Національного авіаційного університету",0,0,0,5,0,0,0,,"http://www.flightcollege.com.ua",18108,,,,,500
"Кременчуцький національний університет імені Михайла Остроградського",101,197,138,2165,445,112,4,19,"http://www.kdu.edu.ua/",8370,,194,422,"41",41
"Криворізька філія Приватного вищого навчального закладу ""Європейський університет""",109.333333333333,146,127,18,2,0,9,,"http://krivrig.e-u.in.ua/index.php",8000,,,,,500
"Криворізький економічний інститут Державного вищого навчального закладу ""Київський національний економічний університет імені Вадима Гетьмана""",102.333333333333,189.666666666667,141,1112,156,20,7,55,"http://www.kneu.dp.ua/",12616,,,,,500
"Криворізький металургійний інститут Національної металургійної академії України",107.666666666667,162.666666666667,132,90,17,15,5,6,"https://nmetau.edu.ua",8800,,,,,500
"Криворізький факультет Запорізького національного університету",105.333333333333,164.333333333333,136,6,6,0,1,,"http://kfznu.com/",,,,,,500
"Кропивницький інститут приватного вищого навчального закладу ""Університет сучасних знань""",112.666666666667,177,131,31,12,0,2,,"http://kkusz.kr.ua/",,,,,,500
"Луганська державна академія культури і мистецтв",104,182,136,35,24,23,1,1,"https://lgaki.com.ua/",,,,,,500
"Луганський державний університет внутрішніх справ імені Е.О. Дідоренка",103.5,155.5,119,98,55,0,1,,"http://lduvs.edu.ua",13940,,,,"241",241
"Луганський національний аграрний університет",105.666666666667,163.666666666667,131,310,85,74,3,4,"http://lu.in.ua",12000,,,,"182",182
"Луцька філія Тернопільського національного економічного університету",127.333333333333,127.333333333333,127,5,1,0,5,,"http://www.tneu.edu.ua/lutskiy-nkc/",,,,,,500
"Луцький біотехнічний інститут Приватного вищого навчального закладу «Міжнародний науково-технічний університет імені академіка Юрія Бугая»",122.666666666667,131.666666666667,126,22,3,0,7,,"http://lbi.lutsk.ua",,,,,,500
"Луцький інститут розвитку людини Вищого навчального закладу ""Відкритий міжнародний університет розвитку людини ""Україна""",111.333333333333,167.333333333333,127,229,10,0,22,,"http://lutsk.vmurol.com.ua",11250,,,,,500
"Луцький національний технічний університет",101.333333333333,188.5,142,4845,751,387,6,12,"http://lutsk-ntu.com.ua",12900,,299,265,"67",67
"Львівська національна академія мистецтв",109,196.5,158,392,181,105,2,3,"https://lm.edu.ua/uk/",,,,,"185",185
"Львівська національна музична академія імені М.В.Лисенка",111,193,150,155,136,104,1,1,"http://conservatory.lviv.ua",42178,2015,,,"152, 153",152
"Львівська філія Дніпропетровського національного університету залізничного транспорту імені академіка В. Лазаряна",101,163.333333333333,131,220,48,17,4,12,"http://lf.diit.edu.ua/",9125,2016,,,,500
"Львівська філія Приватного вищого навчального закладу ""Європейський університет""",110.333333333333,172.666666666667,143,45,7,0,6,,"http://lviv.e-u.in.ua",9000,,,,,500
"Львівський державний університет безпеки життєдіяльності",100.5,191,141,1667,390,139,4,12,"http://ldubgd.edu.ua",11207,,64,138,"98",98
"Львівський державний університет внутрішніх справ",104.666666666667,184,140,368,332,0,1,,"http://www2.lvduvs.edu.ua",11866,,,,"191",191
"Львівський державний університет фізичної культури",102.5,189.333333333333,143,480,469,219,1,2,"www.ldufk.edu.ua",10500,,59,54,"104, 105, 106",104
"Львівський інститут економіки і туризму",118,185,147,1499,85,5,17,299,"http://www.liet.lviv.ua",9000,,,,"283",283
"Львівський інститут Приватного акціонерного товариства ""Вищий навчальний заклад ""Міжрегіональна Академія управління персоналом""",116.333333333333,149.666666666667,130,124,15,0,8,,"http://li-maup.edu.lviv.ua",8100,,,,,500
"Львівський навчально-науковий інститут Державного вищого навчального закладу ""Університет банківської справи""",117.333333333333,180.666666666667,149,600,44,6,13,100,"http://www.ubs.edu.ua",13000,,,,,500
"Львівський національний аграрний університет",100.333333333333,189.5,135,2699,353,180,7,15,"http://lu.lviv.ua",10216,,,,"175",175
"Львівський національний університет ветеринарної медицини та біотехнологій  імені С.З. Гжицького",102.333333333333,189.333333333333,142,1627,220,83,7,19,"http://lvet.edu.ua/",9000,,122,579,"122, 123",122
"Львівський національний університет імені Івана Франка",102.333333333333,199,166,37685,3861,1666,9,22,"http://admission.lnu.edu.ua",13456,,5823,28547,"4",4
"Львівський регіональний інститут державного управління Національної академії державного управління при Президентові України",114,142.333333333333,128,37,2,0,18,,"http://www.lvivacademy.com/",12400,,,,,500
"Львівський торговельно-економічний університет",106.333333333333,184.333333333333,139,406,391,0,1,,"http://www.lute.lviv.ua",10248,,5,26,"101",101
"Маріупольський державний університет",103,185,140,592,529,189,1,3,"http://mdu.in.ua",9281,,14,15,"116",116
"Маріупольський інститут Приватного акціонерного товариства ""Вищий навчальний заклад ""Міжрегіональна Академія управління персоналом""",113.333333333333,125.666666666667,121,13,5,0,2,,"http://mariupol.maup.com.ua",,,,,,500
"Мелітопольський державний педагогічний університет імені Богдана Хмельницького",106.666666666667,191.666666666667,137,1888,373,140,5,13,"http://www.abitur.mdpu.org.ua",7960,,,,"130, 131",130
"Мелітопольський інститут державного та муніципального управління ""Класичного приватного університету""",0,0,0,26,0,0,0,,"http://www.midmu-kpu.com.ua",9000,,,,,500
"Мелітопольський інститут екології та соціальних технологій вищого навчального закладу ""Відкритий міжнародний університет розвитку людини ""Україна""",112.666666666667,141.666666666667,120,29,4,0,7,,"http://www.miest.org.ua",8000,,,,,500
"Миколаївська філія Приватного вищого навчального закладу ""Європейський університет""",0,0,0,10,0,0,0,,"http://mikolaiv.e-u.in.ua/",7500,,,,,500
"Миколаївський міжрегіональний інститут розвитку людини Вищого навчального закладу ""Відкритий міжнародний університет розвитку людини ""Україна""",104,157.666666666667,126,27,12,0,2,,"http://mmirl.edu.ua/",6900,,,,,500
"Миколаївський національний аграрний університет",102.666666666667,189,131,1908,482,185,4,10,"https://www.mu.edu.ua",7290,,,,"87",87
"Миколаївський національний університет імені В.О. Сухомлинського",100.5,184,134,3279,555,177,5,18,"http://mdu.edu.ua",7761,,,,"147, 148",147
"Миколаївський факультет морського та річкового транспорту Державного університету інфраструктури та технологій",0,0,0,48,0,0,0,,"http://ksmank.mk.ua",20200,,,,,500
"Міжнародний гуманітарний університет",102,182.666666666667,138,1730,345,0,5,,"http://mgu.edu.ua",11150,,71,60,"196",196
"Мукачівський державний університет",102,187,133,1412,268,51,5,27,"http://msu.edu.ua",10300,,32,18,"171",171
"Навчально-науковий інститут бізнесу та гостинності Донецького національного університету економіки і торгівлі імені Михайла Туган-Барановського",0,0,0,2,0,0,0,,,,,,,,500
"Навчально-науковий професійно-педагогічний інститут Української інженерно- педагогічної академії ( м.Бахмут)",104.333333333333,167.333333333333,128,43,15,5,2,8,"http://www.nnppi.in.ua",9178,,,,,500
"Надслучанський інститут Національного університету водного господарства та природокористування",119.666666666667,141,133,8,3,2,2,4,"http://nuwm.edu.ua/vidokremleni-strukturni-pidrozdili/dsluchansjkij-institut",9500,,,,,500
"Національнa академія Служби безпеки України",109.333333333333,175.333333333333,143,590,107,0,5,,"http://academy.ssu.gov.ua",16700,,7,62,"222, 223",222
"Національна академія внутрішніх справ",101,181.333333333333,136,1621,348,0,4,,"https://www.iau.kiev.ua",18300,,,,"163",163
"Національна академія керівних кадрів культури і мистецтв",103.5,195,141,422,178,25,2,16,"http://kkkim.edu.ua/",14500,,,,"120",120
"Національна академія Національної гвардії України",121.333333333333,176.333333333333,153,125,16,0,7,,"http://ngu.edu.ua/?m=201708",,,,,"205",205
"Національна академія образотворчого мистецтва і архітектури",118.5,194,160,285,176,106,1,2,"http://oma.edu.ua",28073,,,,"168",168
"Національна академія статистики, обліку та аудиту",101.333333333333,170,130,325,37,0,8,,"http://soa.edu.ua/",11000,,,,"195",195
"Національна металургійна академія України",100.666666666667,188.333333333333,136,2387,272,107,8,22,"https://nmetau.edu.ua",,,871,800,"24",24
"Національна музична академія України імені П.І. Чайковського",105.5,195,151,225,156,156,1,1,"http://knmau.com.ua/",23400,,,,"133, 134",133
"Національний авіаційний університет",104.333333333333,194,155,26170,2428,1030,10,25,"http://u.edu.ua",19406,,1360,1980,"14",14
"Національний аерокосмічний університет ім. М. Є. Жуковського ""Харківський авіаційний інститут""",106,197.333333333333,150,6672,706,337,9,19,"https://www.khai.edu",11484,,866,2749,"13",13
"Національний медичний університет імені О.О. Богомольця",116.666666666667,169,139,17,17,0,1,,"http://nmu.ua",23981,,467,2699,"25",25
"Національний педагогічний університет імені М.П. Драгоманова",101.666666666667,197,149,17185,1572,559,10,30,"http://www.vstup.npu.edu.ua",16729,,105,85,"37",37
"Національний технічний університет ""Харківський політехнічний інститут""",102.333333333333,194.333333333333,148,17032,1808,827,9,20,"http://vstup.kpi.kharkov.ua",9983,,2425,8556,"5",5
"Національний технічний університет України «Київський політехнічний інститут імені Ігоря Сікорського»",110,198,168,37209,4567,3346,8,11,"http://kpi.ua",23483,,5862,13118,"2-3",2
"Національний транспортний університет",100,189.333333333333,141,7793,1105,250,7,31,"http://www.ntu.edu.ua",12557,,232,682,"47",47
"Національний університет ""Києво-Могилянська академія""",109.666666666667,198.333333333333,177,12985,1004,430,12,30,"http://www.ukma.edu.ua",29071,,319,2217,"12",12
"Національний університет ""Львівська політехніка""",112,198.666666666667,163,27663,3883,1900,7,14,"http://www.lp.edu.ua",13619,,4278,9025,"6",6
"Національний університет ""Одеська морська академія""",104,194,153,2605,579,235,4,11,"http://www.onma.edu.ua",19900,,14,22,"114",114
"Національний університет ""Одеська юридична академія""",106,195.666666666667,152,6067,850,187,7,32,"http://vstup.onua.edu.ua",18375,,6,1,"63",63
"Національний університет ""Острозька академія""",110,197,162,4094,540,170,7,24,"http://www.oa.edu.ua",14212,,,,"95",95
"Національний університет біоресурсів і природокористування України",102.666666666667,190.666666666667,149,10920,1304,669,8,16,"https://nubip.edu.ua",17329,,504,1505,"10",10
"Національний університет водного господарства та природокористування",101,194.5,145,5258,801,495,6,10,"http://start.nuwm.edu.ua/",15850,,182,219,"66",66
"Національний університет кораблебудування імені адмірала Макарова",104.666666666667,190.333333333333,139,2143,284,137,7,15,"http://www.nuos.edu.ua/",,,132,317,"75",75
"Національний університет фізичного виховання і спорту України",100,190.5,138,1997,782,284,2,7,"http://vstup.uni-sport.edu.ua",13050,,28,70,"81",81
"Національний університет харчових технологій",100,197.333333333333,146,1116,1086,359,1,3,"http://nuft.edu.ua",17250,,286,977,"19",19
"Національний університет цивільного захисту України",101,177.333333333333,128,1101,154,0,7,,"http://nuczu.edu.ua/",9900,,,,"135, 136",135
"Національний фармацевтичний університет",105.666666666667,185.666666666667,140,677,74,0,9,,"http://nuph.edu.ua",9050,,369,621,"31",31
"Національний юридичний університет імені Ярослава Мудрого",103.333333333333,197.333333333333,160,8122,980,389,8,20,"http://vstup.nlu.edu.ua",18000,,10,5,"58",58
"Ніжинський державний університет імені Миколи Гоголя",105.666666666667,191,145,2037,333,162,6,12,"http://www.ndu.edu.ua/",13127,,,,"158, 159",158
"Нікопольська філія Приватного вищого навчального закладу ""Європейський університет""",139.333333333333,139.333333333333,139,3,1,0,3,,"http://nikopol.e-u.in.ua/",,,,,,500
"Нікопольський факультет Національної металургійної академії України",122.666666666667,160.666666666667,138,5,3,0,1,,"https://nmetau.edu.ua/ua/mfac/i2061/p0",6990,,,,,500
"Нововолинський навчально - науковий інститут економіки та менеджменту Тернопільського національного економічного університету",114,171.666666666667,138,27,12,2,2,13,"http://nnniem.tneu.edu.ua/",,,,,,500
"Новокаховський гуманітарний інститут  вищого навчального закладу «Відкритий міжнародний університет розвитку людини «Україна»",110.333333333333,162.333333333333,129,34,13,0,2,,"http://vmurol.net.ua/",6200,,,,,500
"Одеська державна академія будівництва та архітектури",102,194.5,147,1091,322,145,3,7,"http://www.ogasa.org.ua",12419,,101,306,"96",96
"Одеська національна академія зв'язку ім. О.С. Попова",105,185.666666666667,143,1630,178,56,9,29,"https://pk.ot.edu.ua",10645,,156,119,"82",82
"Одеська національна академія харчових технологій",102,188,140,4980,690,165,7,30,"https://www.oft.edu.ua/",11085,,131,191,"56",56
"Одеська національна музична академія імені А.В. Нежданової",106,171,133,122,44,13,2,9,"http://odma.edu.ua",12000,,,,"166, 167",166
"Одеська філія Приватного вищого навчального закладу ""Європейський університет""",0,0,0,2,0,0,0,,"http://odesa.e-u.in.ua/",,,,,,500
"Одеський державний аграрний університет",102,193.666666666667,136,1399,177,45,7,31,"http://osau.edu.ua",,,,,"207",207
"Одеський державний екологічний університет",106.666666666667,189,134,1116,88,36,12,31,"http://odeku.edu.ua",10586,,99,364,"78, 79",78
"Одеський державний університет внутрішніх справ",100.5,176,129,985,343,0,2,,"http://oduvs.edu.ua",17872,,,,"224",224
"Одеський інститут Приватного акціонерного товариства ""Вищий навчальний заклад ""Міжрегіональна Академія управління персоналом""",104.666666666667,133.666666666667,116,61,8,0,7,,"http://odessa.maup.com.ua/",10908,,,,,500
"Одеський національний економічний університет",103,194.333333333333,150,3886,476,99,8,39,"http://oneu.edu.ua",13395,,,,"111, 112",111
"Одеський національний медичний університет",101.666666666667,167.666666666667,133,250,30,0,8,,"http://onmedu.edu.ua",20380,,448,889,"69",69
"Одеський національний морський університет",103.666666666667,195.666666666667,143,4051,754,165,5,24,"http://www.osmu.odessa.ua",13900,,81,105,"104, 105, 106",104
"Одеський національний політехнічний університет",103.666666666667,194,151,10080,1158,545,8,18,"http://opu.ua/",17156,,707,1213,"22",22
"Одеський національний університет імені І. І. Мечникова",100.666666666667,197,155,10788,1019,251,10,43,"http://onu.edu.ua",16244,,2780,14029,"8",8
"Одеський регіональний інститут державного управління Національної академії державного управління при Президентові України",110.333333333333,180.333333333333,140,205,41,0,5,,"http://www.oridu.odessa.ua/",11300,,,,,500
"Одеський торговельно-економічний інститут Київського національного торговельно-економічного університету",117,168,134,90,8,1,11,90,"http://www.otei.odessa.ua",14145,,,,,500
"Педагогічний коледж Львівського національного університету імені Івана Франка",0,0,0,19,0,0,0,,"http://pedcollege.lnu.edu.ua/en/",,,,,,500
"Первомайська філія Приватного вищого навчального закладу «Університет сучасних знань»",113.333333333333,156,136,8,5,0,1,,,,,,,,500
"Первомайський політехнічний інститут Національного університету кораблебудування імені адмірала Макарова",109.666666666667,144.666666666667,124,45,21,7,2,6,"http://www.ppi.net.ua/",5500,2016,,,,500
"Подільський державний аграрно-технічний університет",101.666666666667,176.666666666667,133,152,147,87,1,1,"http://www.pdatu.edu.ua/",,,,,"150, 151",150
"Полтавська державна аграрна академія",100,194.333333333333,136,3048,563,212,5,14,"https://www.pdaa.edu.ua",,,44,58,"99",99
"Полтавський інститут економіки і права вищого навчального закладу Відкритий міжнародний університет розвитку людини «Україна»",103.333333333333,170.666666666667,137,139,13,0,10,,"http://pl.vmurol.com.ua/",12200,,,,,500
"Полтавський національний педагогічний університет імені В.Г. Короленка",102,194,139,4134,724,288,5,14,"pnpu.edu.ua",9993,,47,97,"132",132
"Полтавський національний технічний університет імені Юрія Кондратюка",103.333333333333,193.666666666667,145,3389,552,211,6,16,"http://pntu.edu.ua",10180,,205,270,"57",57
"Полтавський юридичний інститут Національного юридичного університету імені Ярослава Мудрого",109,194,154,452,113,34,4,13,"http://pli.nlu.edu.ua",18100,2016,,,,500
"Приватна установа ""Вищий навчальний заклад ""Міжнародний гуманітарно-педагогічний інститут ""Бейт-Хана""",142.333333333333,175.333333333333,154,13,7,0,1,,"http://www.betha.org.ua",,,,,"259",259
"Приватне акціонерне товариство ""Вищий навчальний заклад ""Міжрегіональна Академія управління персоналом""",101,182,131,1398,354,0,3,,"http://maup.com.ua",13800,,58,80,"152, 153",152
"Приватне акціонерне товариство ""Вищий навчальний заклад ""Національна академія управління""",103.666666666667,164,133,269,20,0,13,,"http://nam.kiev.ua/",11984,,,,"142",142
"Приватне акціонерне товариство ""Приватний вищий навчальний заклад ""Запорізький інститут економіки та інформаційних технологій""",112.666666666667,179.666666666667,143,246,33,0,7,,"http://www.econom.zp.ua",11638,,,,"287",287
"Приватне акціонерне товариство «Українсько-Польський вищий навчальний заклад ""Центрально-Європейський університет»",108.333333333333,183,142,152,39,0,3,,"https://www.c-e-u.info",12475,,,,,500
"Приватний вищий навчальний заклад ""Академія рекреаційних технологій і права""",101,155,127,164,39,0,4,,"http://www.artip.lutsk.ua",,,,,"273",273
"Приватний вищий навчальний заклад ""Бориспільський інститут муніципального менеджменту при Міжрегіональній Академії управління персоналом""",119,129.333333333333,124,3,3,0,1,,"http://bor.maup.com.ua/",8133,,,,,500
"Приватний вищий навчальний заклад ""Вінницький інститут конструювання одягу і підприємництва""",113,113,113,5,1,0,5,,"http://vikop.org.ua",7800,,,,"285",285
"Приватний вищий навчальний заклад ""Вінницький фінансово-економічний університет""",105.333333333333,151.666666666667,127,177,11,0,16,,"http://vfeu.edu.ua",,,,,,500
"Приватний вищий навчальний заклад ""Донецький університет економіки та права""",117.333333333333,175,140,15,3,0,5,,"http://donuep.edu.ua",13900,,,,"261, 262",261
"Приватний вищий навчальний заклад ""Європейський університет""",105,182,129,509,48,0,10,,"https://e-u.in.ua/",8000,,,,"125, 126",125
"Приватний вищий навчальний заклад ""Інститут ділового адміністрування""",0,0,0,23,0,0,0,,"http://ida.in.ua/",8800,2016,,,"281, 282",281
"Приватний вищий навчальний заклад ""Інститут екології економіки і права""",121,144.666666666667,133,158,5,0,31,,"https://ieep.org.ua",7900,,,,"268",268
"Приватний вищий навчальний заклад ""Київський інститут бізнесу та технологій"" Товариство з обмеженою відповідальністю",105.333333333333,160.666666666667,128,219,38,0,5,,"http://kibit.edu.ua",23400,,,,,500
"Приватний вищий навчальний заклад ""Київський міжнародний університет""",0,0,0,1825,0,0,0,,"http://www.kymu.edu.ua",16814,,,,"137, 138",137
"Приватний вищий навчальний заклад ""Київський університет культури""",102.5,190,137,2753,743,0,3,,"http://kuk-university.com/",,,,,,500
"Приватний вищий навчальний заклад ""Комп`ютерна Академія ""Шаг""",108.333333333333,182,149,37,37,0,1,,"https://high.itstep.org/",35000,,,,,500
"Приватний вищий навчальний заклад ""Кропивницький інститут державного та муніципального управління""",107.333333333333,163.666666666667,125,51,15,0,3,,"http://kidmu.com.ua",10000,,,,,500
"Приватний вищий навчальний заклад ""Львівський університет бізнесу та права""",108.666666666667,155.666666666667,129,423,14,0,30,,"http://lubp.com.ua",15900,,2,1,"246",246
"Приватний вищий навчальний заклад ""Медико-природничий університет""",111.333333333333,121,117,10,3,0,3,,"http://vnz-mpu.com.ua",12000,,,,,500
"Приватний вищий навчальний заклад ""Мистецький інститут художнього моделювання та дизайну імені Сальвадора Далі""",112.333333333333,169,135,72,26,0,2,,"http://mixmd.edu.ua",19470,,,,"233",233
"Приватний вищий навчальний заклад ""Міжнародний економіко-гуманітарний університет імені академіка Степана Дем'янчука""",101,189.333333333333,128,1308,248,0,5,,"http://www.regi.rovno.ua",8691,,,,"174",174
"Приватний вищий навчальний заклад ""Міжнародний класичний університет імені Пилипа Орлика""",104,139.666666666667,119,26,13,0,2,,"https://mku.edu.ua",8000,,,,"269",269
"Приватний вищий навчальний заклад ""Міжнародний науково-технічний університет імені академіка Юрія Бугая""",100.333333333333,175.333333333333,128,1092,119,0,9,,"https://istu.edu.ua/abiturijentu/",13400,,,,"188, 189",188
"Приватний вищий навчальний заклад ""Міжнародний університет фінансів""",115.333333333333,161.333333333333,139,143,13,0,11,,"http://iuf.edu.ua",16000,,,,"211",211
"Приватний вищий навчальний заклад ""Нікопольський економічний університет""",111,165.666666666667,131,16,8,0,2,,"http://www.neu.edu.ua",9600,,,,"276",276
"Приватний вищий навчальний заклад ""Новокаховський політехнічний інститут""",118.333333333333,118.333333333333,118,6,1,0,6,,"http://www.nkpi.com.ua",7000,,,,"284",284
"Приватний вищий навчальний заклад ""Тернопільський інститут соціальних та інформаційних технологій""",106.333333333333,168.666666666667,135,128,24,0,5,,"https://www.tisit.edu.ua",7900,,,,"231",231
"Приватний вищий навчальний заклад ""Український гуманітарний інститут""",101,184.333333333333,141,77,37,0,2,,"http://ugi.edu.ua",17055,,,,"217",217
"Приватний вищий навчальний заклад ""Українсько-американський гуманітарний інститут ""Вісконсинський Міжнародний Університет (США) в Україні""",111,190.666666666667,160,147,37,0,4,,"http://www.wiuu.edu.ua",22113,,,,"203",203
"Приватний вищий навчальний заклад ""Університет економіки і підприємництва""",112,124.333333333333,116,24,4,0,6,,"https://www.uniep.km.ua",8800,,,,"248",248
"Приватний вищий навчальний заклад ""Університет сучасних знань""",106.666666666667,167.333333333333,135,150,20,0,7,,"http://usz.1gb.ua",10900,,,,"125, 126",125
"Приватний вищий навчальний заклад ""Харківський соціально-економічний інститут""",0,0,0,55,0,0,0,,,,,,,,500
"Приватний вищий навчальний заклад ""Херсонський економічно - правовий інститут""",0,0,0,58,0,0,0,,"http://www.hepi.edu.ua",8352,,,,"242",242
"Приватний вищий навчальний заклад «Буковинський університет»",109.666666666667,164.333333333333,131,114,13,0,8,,"http://www.bukuniver.edu.ua",8750,,,,"204",204
"Приватний вищий навчальний заклад «Хмельницький економічний університет»",123.333333333333,173,146,94,3,0,31,,"https://www.kheu.km.ua",,,,,"253",253
"Приватний вищий навчальний заклад Івано-Франківський університет права імені Короля Данила Галицького",105.5,190,139,844,128,0,6,,"http://iful.edu.ua",12110,,681,3544,"247",247
"Приватний вищий навчальний заклад Міжнародний університет бізнесу і права",112.333333333333,115.666666666667,114,45,3,0,15,,"http://www.mubip.com",,,,,"237",237
"Приватний вищий навчальний заклад Університет новітніх технологій",142.666666666667,142.666666666667,142,37,1,0,37,,"http://www.unt.kiev.ua",11400,,,,"272",272
"Приватний вищий навчальний заклад Харківський гуманітарний університет ""Народна українська академія""",107.333333333333,179.333333333333,145,290,56,0,5,,"http://www.nua.kharkov.ua",16800,,,,"157",157
"Приватний заклад",127.333333333333,128.666666666667,128,12,2,0,6,,,,,,,,500
"Приватний заклад “Харківський гуманітарно-екологічний інститут”",0,0,0,17,0,0,0,,"http://ecosoc.kharkov.ua",8000,,,,"275",275
"Придунайська філія  Приватного акціонерного товариства ""Вищий навчальний заклад ""Міжрегіональна Академія управління персоналом""",114,141.666666666667,124,31,12,0,2,,"http://maup.in.ua/",7333,,,,,500
"Прикарпатський інститут імені Михайла Грушевського Приватного акціонерного товариства ""Вищий навчальний заклад ""Міжрегіональна Академія управління персоналом""",104.333333333333,153.666666666667,124,11,6,0,1,,"http://pi-maup.lviv.ua",13450,,,,,500
"Рівненська філія Приватного вищого навчального закладу ""Європейський університет""",105.333333333333,105.333333333333,105,12,1,0,12,,"http://rivne.e-u.in.ua/",8000,,,,,500
"Рівненський державний гуманітарний університет",102,193,143,5838,687,331,8,17,"http://www.rshu.edu.ua/",13882,,,,"164",164
"Рівненський інститут Вищого навчального закладу ""Відкритий міжнародний університет розвитку людини ""Україна""",0,0,0,25,0,0,0,,"rv.vmurol.com.ua",7400,,,,,500
"Рівненський інститут Київського університету права Національної академії наук України",113,161,140,47,12,0,3,,"rivne.kul.kiev.ua",13500,,,,,500
"Самбірська філія Тернопільського національного економічного університету",0,0,0,1,0,0,0,,"http://sambir.tneu.edu.ua/",,,,,,500
"Свалявська філія Тернопільського національного економічного університету",0,0,0,3,0,0,0,,"http://www.tneu.edu.ua/svalyavskiy-nkc/",,,,,,500
"Сєвєродонецький інститут Приватного акціонерного товариства ""Вищий навчальний заклад ""Міжрегіональна Академія управління персоналом""",109,127.666666666667,118,14,2,0,7,,"http://sd.maup.com.ua/",7066,,,,,500
"Сумська філія Глухівського національного педагогічного університету імені Олександра Довженка",115.333333333333,129.666666666667,122,5,5,0,1,,"http://new.gnpu.edu.ua/uk/vartist-vchannia1.html",12000,,,,,500
"Сумський державний педагогічний університет імені А.С. Макаренка",103,186.666666666667,140,2449,466,208,5,11,"sspu.sumy.ua/",9141,,,,"154",154
"Сумський державний університет",102.5,195.333333333333,152,5854,928,424,6,13,"sumdu.edu.ua",14485,,1688,7887,"7",7
"Сумський національний аграрний університет",101.333333333333,188,137,2865,485,223,5,12,"http://www.sau.sumy.ua",,,67,184,"80",80
"Східноєвропейський національний університет імені Лесі Українки",103,197.333333333333,154,9633,1329,624,7,15,"http://eenu.edu.ua",17180,,449,3325,"45",45
"Східноукраїнський національний університет імені Володимира Даля",100.5,183.666666666667,137,1740,380,197,4,8,"https://snu.edu.ua",10138,,329,999,"146",146
"Таврійський державний агротехнологічний університет",102.333333333333,189,134,1687,361,154,4,11,"http://www.tsatu.edu.ua",8583,,12,3,"90",90
"Таврійський національний університет імені В.І.Вернадського",104.5,190.5,154,3389,332,202,10,16,"http://www.tnu.edu.ua",14131,,,,"238, 239",238
"Тернопільський національний економічний університет",102,195,148,7698,977,254,7,30,"http://www.tneu.edu.ua/",,,429,503,"27",27
"Тернопільський національний педагогічний університет імені Володимира Гнатюка",104,195.333333333333,153,4707,586,358,8,13,"http://tnpu.edu.ua",17689,,130,385,"59",59
"Тернопільський національний технічний університет імені Івана Пулюя",105,195,146,4118,455,237,9,17,"http://tntu.edu.ua",11600,,286,774,"38",38
"Товариство з обмеженою відповідальністю ""Академія адвокатури України""",112,180.666666666667,145,466,49,0,9,,"http://vstup.aau.edu.ua",15040,,,,"161, 162",161
"Товариство з обмеженою відповідальністю ""Бердянський університет менеджменту і бізнесу""",109,159.666666666667,125,18,15,0,1,,"http://bumib.edu.ua",6375,,,,"186",186
"Товариство з обмеженою відповідальністю ""Вищий навчальний заклад Східно-європейський слов'янський університет""",104.666666666667,136.333333333333,119,46,10,0,4,,"http://eesu.uz.ua",11000,,,,"280",280
"Товариство з обмеженою відповідальністю ""Ізмаїльський інститут водного транспорту""",116,137,125,42,7,0,6,,"http://iivt.org.ua",7166,2016,,,"263",263
"Ужгородський торговельно-економічний інститут Київського національного торговельно-економічного університету",108,165.333333333333,134,123,22,4,5,30,"http://www.utei-knteu.org.ua/abiturientam.html",,,,,,500
"Українська академія друкарства",104.5,192.5,151,1490,229,104,6,14,"http://www.uad.lviv.ua",7500,,81,283,"144",144
"Українська інженерно-педагогічна академія",104,190,132,1234,237,73,5,16,"http://www.uipa.edu.ua",7500,,129,128,"64, 65",64
"Український державний університет залізничного транспорту",100.333333333333,191.666666666667,139,2837,383,148,7,19,"http://www.kart.edu.ua",9400,,77,139,"60, 61",60
"Уманська філія Приватного вищого навчального закладу ""Європейський університет""",137,159.333333333333,145,7,3,0,2,,"http://uman.e-u.in.ua",7550,,,,,500
"Уманська філія Приватного вищого навчального закладу «Київський інститут бізнесу та технологій» товариство з обмеженою відповідальністю",126,126,126,4,1,0,4,,"http://kibit.edu.ua",12600,,,,,500
"Уманський державний педагогічний університет імені Павла Тичини",102,192.666666666667,135,2477,792,196,3,12,"https://udpu.org.ua/",,,86,358,"70, 71",70
"Уманський національний університет садівництва",102.666666666667,194,133,2284,380,116,6,19,"http://admission.udau.edu.ua",10980,,57,16,"91",91
"Університет державної фіскальної служби України",101.5,181.666666666667,145,1437,475,186,3,7,"http://www.nusta.edu.ua",12768,,,,"137, 138",137
"Університет митної справи та фінансів",103.666666666667,190,146,4231,532,73,8,58,"http://umsf.dp.ua",10700,,,,"173",173
"Факультет ринкових, інформаційних та інноваційних технологій Київського національного університету технологій та дизайну",122.666666666667,139.666666666667,131,20,6,0,3,,"http://knutd.edu.ua",7800,,,,,500
"Філія ""Кременчуцький інститут вищого навчального закладу ""Університет імені Альфреда Нобеля""",116.333333333333,154.666666666667,134,50,8,0,6,,"http://www.ki-duep.com",8975,,,,,500
"Харківська державна академія дизайну і мистецтв",104.5,196,156,223,217,76,1,2,"http://www.ksada.org/index.html",15791,2016,,,"169",169
"Харківська державна академія культури",100.5,189,145,1359,379,220,3,6,"http://www.ic.ac.kharkov.ua/",10233,,,,"143",143
"Харківська державна академія фізичної культури",102.5,189.666666666667,130,550,256,148,2,3,"http://www.hdafk.kharkov.ua/",13350,,,,"252",252
"Харківська державна зооветеринарна академія",102.666666666667,176.666666666667,134,41,39,15,1,2,"http://hdzva.edu.ua",10666,,,,"187",187
"Харківський державний університет харчування та торгівлі",103,179.666666666667,138,2125,179,35,11,60,"http://www.hduht.edu.ua",8730,,35,32,"113",113
"Харківський інститут фінансів Київського національного торговельно-економічного університету",103.333333333333,188.666666666667,146,524,49,13,10,40,"http://khif.edu.ua",7750,,,,,500
"Харківський навчально-науковий інститут Державного вищого навчального закладу ""Університет банківської справи""",113,176.666666666667,141,472,64,0,7,,"http://khibs.ubs.edu.ua",10000,,,,,500
"Харківський національний автомобільно-дорожній університет",101.333333333333,176.333333333333,129,3036,248,41,12,74,"http://www.khadi.kharkov.ua",9800,,56,154,"48",48
"Харківський національний аграрний університет ім. В.В. Докучаєва",102.333333333333,180,137,1892,292,144,6,13,"http://www.ku.kharkov.ua",6500,,5,2,"128",128
"Харківський національний економічний університет імені Семена Кузнеця",101.333333333333,196,155,8050,938,189,8,42,"http://www.hneu.edu.ua",9972,,111,111,"54, 55",54
"Харківський національний медичний університет",112.666666666667,158.666666666667,137,407,37,0,11,,"http://knmu.kharkov.ua",25200,,230,1090,"44",44
"Харківський національний педагогічний університет імені Г.С. Сковороди",100,190.333333333333,146,5656,711,262,8,21,"http://pu.ac.kharkov.ua/",11000,,,,"110",110
"Харківський національний технічний університет сільського господарства імені Петра Василенка",101.666666666667,188.666666666667,131,2444,422,205,5,11,"http://www.khntusg.com.ua",6800,,10,5,"86",86
"Харківський національний університет будівництва та архітектури",103.333333333333,193,144,1846,309,138,6,13,"http://www.kstuca.kharkov.ua",9333,,11,4,"117",117
"Харківський національний університет внутрішніх справ",101,180.5,130,1853,439,0,4,,"http://www.univd.edu.ua",13400,,13,7,"139, 140",139
"Харківський національний університет імені В.Н. Каразіна",103.333333333333,198,164,19775,1970,970,10,20,"http://start.karazin.ua",16800,,8382,40675,"2-3",2
"Харківський національний університет мистецтв імені І.П. Котляревського",108,191,152,290,146,145,2,2,"http://dum.kharkov.ua",17200,,,,"177, 178",177
"Харківський національний університет міського господарства імені О.М. Бекетова",103.333333333333,194,141,6430,877,236,7,27,"http://abit.kme.edu.ua",12825,,123,248,"50",50
"Харківський національний університет Повітряних Сил імені Івана Кожедуба",115.666666666667,168,141,70,2,0,35,,"http://www.hups.mil.gov.ua/",10250,,136,148,"89",89
"Харківський національний університет радіоелектроніки",100.333333333333,196.333333333333,160,8141,1234,784,6,10,"http://nure.ua/uk",10900,,2143,3527,"15",15
"Харківський регіональний інститут державного управління Національної академії державного управління при Президентові України",105.666666666667,191,140,532,89,0,6,,"http://www.kbuapa.kharkov.ua",9212,,,,,500
"Харківський торговельно-економічний інститут Київського національного торговельно-економічного університету",102.666666666667,183,138,1780,183,17,9,104,"http://htei.org.ua",9400,,,,,500
"Херсонська державна морська академія",100,192.333333333333,141,1129,275,54,4,20,"http://kma.ks.ua",19340,,,,"210",210
"Херсонська філія Національного університету кораблебудування імені адмірала Макарова",102,186,133,234,44,24,5,9,"http://kb.nuos.edu.ua",,,,,,500
"Херсонський державний університет",101,195.333333333333,141,3358,910,312,3,10,"http://www.kspu.edu",12245,,126,211,"64, 65",64
"Херсонський інститут Приватного акціонерного товариства ""Вищий навчальний заклад ""Міжрегіональна Академія управління персоналом""",118,144.333333333333,132,24,5,0,4,,"http://maup.net.ua/",13750,,,,,500
"Херсонський національний технічний університет",105.333333333333,191.666666666667,144,1861,312,83,6,22,"http://kntu.net.ua",10800,,,,"111, 112",111
"Херсонський політехнічний коледж Одеського національного політехнічного університету",0,0,0,7,0,0,0,,"http://college.ks.ua",,,,,,500
"Хмельницька гуманітарно-педагогічна академія",104.333333333333,188,141,160,159,130,1,1,"http://kgpa.km.ua",20625,,,,"212, 213",212
"Хмельницький інститут імені Блаженнішого Володимира, Митрополита Київського і всієї України Приватного акціонерного товариства ""Вищий навчальний заклад ""Міжрегіональна Академія управління персоналом""",105.333333333333,134,119,96,6,0,16,,"http://www.maup.km.ua",9525,,,,,500
"Хмельницький інститут соціальних технологій вищого навчального закладу ""Відкритий міжнародний університет розвитку людини ""Україна""",106,169.666666666667,128,171,19,0,9,,"http://www.hist.km.ua",10333,,,,"176",176
"Хмельницький кооперативний торговельно-економічний інститут",108.333333333333,168.333333333333,128,343,42,0,8,,"http://www.xktei.km.ua",,,,,"260",260
"Хмельницький національний університет",101,190.666666666667,140,6852,1157,355,5,19,"http://prk.khnu.km.ua",11857,,269,943,"29",29
"Хмельницький університет управління та права",108.666666666667,191.333333333333,147,823,169,45,4,18,"http://www.univer.km.ua",15026,,,,"150, 151",150
"Центральноукраїнський державний педагогічний університет імені Володимира Винниченка (Кіровоградський державний педагогічний університет імені Володимира Винниченка)",101,194.666666666667,144,2977,623,304,4,9,"http://www.kspu.kr.ua/",12886,,25,60,"92",92
"Центральноукраїнський національний технічний університет",101.333333333333,190.333333333333,137,1544,269,96,5,16,"http://www.kntu.kr.ua",11500,,41,34,"84",84
"Черкаська медична академія",115.666666666667,171.333333333333,145,106,23,16,4,6,"http://medcollege.ck.ua",,,,,,500
"Черкаська філія Приватного вищого навчального закладу ""Європейський університет""",130.666666666667,143.333333333333,138,19,4,0,4,,"http://cherkasi.e-u.in.ua",,,,,,500
"Черкаський державний технологічний університет",104.333333333333,194.333333333333,143,2743,387,144,7,19,"https://chdtu.edu.ua",11300,,71,60,"129",129
"Черкаський інститут пожежної безпеки імені Героїв Чорнобиля Національного університету цивільного захисту України",102.5,171,129,452,176,107,2,4,"http://fire.ck.ua",9150,,,,,500
"Черкаський навчально-науковий інститут Державного вищого навчального закладу «Університет банківської справи»",117,184.333333333333,148,280,41,10,6,28,"https://cibs.ubs.edu.ua",12291,,,,,500
"Черкаський національний університет імені Богдана Хмельницького",103.5,193,147,5756,946,293,6,19,"https://www.cdu.edu.ua",14059,,328,1833,"39, 40",39
"Чернівецький національний університет імені Юрія Федьковича",100.5,197,151,18382,2338,866,7,21,"http://vstup.chnu.edu.ua",14803,,2547,10122,"9",9
"Чернівецький торговельно - економічний інститут Київського національного торговельно - економічного університету",101.333333333333,188,140,1604,206,40,7,40,"http://www.chtei-knteu.cv.ua",11992,,,,,500
"Чернівецький факультет Національного технічного університету «Харківський політехнічний інститут»",103.666666666667,159,127,113,24,6,4,18,"http://www.kpi.kharkov.ua/ukr/faculty/chernivetskij/",9900,,,,,500
"Чернігівський інститут імені Героїв Крут Приватного акціонерного товариства ""Вищий навчальний заклад ""Міжрегіональна Академія управління персоналом""",116,166,135,33,3,0,11,,"http://maupchern.pp.ua",9950,,,,,500
"Чернігівський інститут інформації, бізнесу і права Приватного вищого навчального закладу «Міжнародний науково-технічний університет імені академіка Юрія Бугая»",106.666666666667,162,132,62,8,0,7,,"istu.edu.ua/abiturijentu/vartist-vchannja/chernigivskii-institut-informaciji-biznesu-i-prava-pvnz-mntu/",8100,,,,,500
"Чернігівський національний педагогічний університет імені Т.Г. Шевченка",100.5,197.333333333333,143,2557,481,305,5,8,"http://chnpu.edu.ua",,,,,"170",170
"Чернігівський національний технологічний університет",102.333333333333,193.333333333333,145,4705,763,323,6,14,"http://www.stu.cn.ua",,,217,583,"60, 61",60
"Чорноморський національний університет імені Петра Могили",100,192,147,3613,768,206,4,17,"https://chmnu.edu.ua",,,74,111,"121",121
"Чортківський навчально-науковий інститут підприємництва і бізнесу Тернопільського національного економічного університету",111.666666666667,138.666666666667,124,40,13,2,3,20,"http://chnnipb.tneu.edu.ua/",,,,,,500
"Шосткинський інститут Сумського державного університету",105,173.333333333333,132,123,15,8,8,15,"http://shinst.sumdu.edu.ua",,,,,,500
"Яготинський інститут Приватного акціонерного товариства ""Вищий навчальний заклад ""Міжрегіональна Академія управління персоналом""",112.333333333333,187.333333333333,126,12,9,0,1,,"http://yagotin.maup.com.ua/",,,,,,500
