"","univ","scopus_public","scopus_qoutes","from","to","mean","link","price","year","rate_place","rate_sort","region","amountOfBudget","AmountOfBacalavr","total_apps","total_per_place","budg_per_place","QtoP","totalStudents","scopus_per_student","ranking_2017","ranking_2011","rank4","X1","mean1","sd","median","size","zayav"
"1","Бердянський державний педагогічний університет",NA,NA,101.5,186.333333333333,136.7,"http://bdpu.org/sites/bdpu.org/files/vartist.pdf",9200,NA,"115",115,"Запорізька область",227,1022,1131,1.04771371769384,5,0,1881,NA,210,202,-8,"Запорізька область",136.918489065606,18.708301263901,135.3,503,527
"2","Білоцерківський національний аграрний університет",0,2,102.666666666667,191.333333333333,136.6,"http://btsau.edu.ua",11912,NA,"145",145,"Київська область",487,1142,3230,4.55105348460292,7,-1,2127,0,211,204,-7,"Київська область",139.460291734198,18.5404353855849,138.7,617,2808
"3","Вищий державний навчальний заклад України ""Буковинський державний медичний університет""",33,89,114.666666666667,196.333333333333,162.154285714286,"https://www.bsmu.edu.ua/",19228,NA,"34,35",34,"Чернівецька область",NA,525,5791,10.4548872180451,NA,2.6969696969697,525,62.8571428571429,19,25,6,"Чернівецька область",162.087719298246,18.1932251594428,163.2,532,5562
"4","Вищий державний навчальний заклад України ""Українська медична стоматологічна академія""",22,53,109.666666666667,196,156.755868544601,"http://umsa.edu.ua",22090,NA,NA,NA,"Полтавська область",NA,639,3953,5.85758998435055,NA,2.40909090909091,639,34.4287949921753,33,23,-10,"Полтавська область",156.75639019301,18.1909795924706,160,639,3743
"5","Вищий навчальний заклад ""Український католицький університет""",NA,NA,129.666666666667,198.666666666667,177.5,"https://ucu.edu.ua/",29000,NA,"124",124,"Львівська область",NA,321,1278,3.95031055900621,NA,0,604,NA,2,36,34,"Львівська область",177.623188405797,14.6180282645225,182.5,322,1272
"6","Вищий навчальний заклад ""Університет економіки та права ""КРОК""",1,2,103,186,133.8,"http://www.krok.edu.ua",14620,NA,"73",73,"м. Київ",NA,414,3035,9.15333333333333,NA,2,488,2.04918032786885,248,230,-18,"Київ",133.750555555556,17.4146242439304,131.7,300,2746
"7","Вищий навчальний заклад ""Університет імені Альфреда Нобеля""",2,1,100.666666666667,196,143,"http://abit.duan.edu.ua/uk/",13740,NA,"103",103,"Дніпропетровська область",NA,788,3814,5.56124031007752,NA,0.5,1356,1.47492625368732,133,NA,NA,"Дніпропетровська область",143.137726098191,19.8422833207705,141.3,645,3587
"8","Вищий навчальний заклад Укоопспілки ""Полтавський університет економіки і торгівлі""",26,27,102.333333333333,191,137.3,"http://puet.edu.ua/",9445,NA,"165",165,"Полтавська область",NA,1262,3009,5.0997506234414,NA,1,2137,12.1665886757136,201,234,33,"Полтавська область",137.757273482959,18.6848525368893,135.3,401,2045
"9","Вінницький державний педагогічний університет імені Михайла Коцюбинського",NA,NA,101,192.333333333333,144.9,"http://www.vspu.edu.ua",9323,NA,"149",149,"Вінницька область",375,1092,5213,5.57405281285878,14,0,1999,NA,108,74,-34,"Вінницька область",145.201875239189,20.4469949343032,145,871,4855
"10","Вінницький національний аграрний університет",NA,NA,100.333333333333,186.666666666667,135.3,"http://www.vsau.org",8625,NA,"118",118,"Вінницька область",298,1544,7777,6.3992443324937,26,0,2624,NA,231,151,-80,"Вінницька область",135.082493702771,17.0103061176561,133,794,5081
"11","Вінницький національний медичний університет ім. М. І. Пирогова",2,24,102.666666666667,198.666666666667,162.993230174081,"https://www.vnmu.edu.ua/",26000,NA,NA,NA,"Вінницька область",NA,1034,9711,9.27507163323782,NA,12,1034,1.93423597678917,15,9,-6,"Вінницька область",162.913244189748,21.7956895942038,166.7,1047,9711
"12","Вінницький національний технічний університет",93,204,102.333333333333,192,149.3,"http://vntu.edu.ua",9100,NA,"23",23,"Вінницька область",495,953,6127,8.20866773675762,12,2.2,1870,49.7326203208556,63,68,5,"Вінницька область",149.256019261637,20.2557347432149,149.3,623,5114
"13","Вінницький торговельно - економічний інститут Київського національного торговельно - економічного університету",NA,NA,105.333333333333,189,141.9,"http://www.vtei.com.ua",10087,NA,NA,500,"Вінницька область",57,1066,4281,6.68738574040219,75,0,1580,NA,143,55,-88,"Вінницька область",142.475015234613,19.1303362578548,140.7,547,3658
"14","Державний вищий навчальний заклад ""Донбаський державний педагогічний університет""",NA,NA,104,181.333333333333,136,"http://www.slavdpu.dn.ua/",12419,NA,"180",180,"Донецька область",308,668,1717,3.69526627218935,6,0,947,NA,223,NA,NA,"Донецька область",136.014299802761,16.8382476394355,134,338,1249
"15","Державний вищий навчальний заклад ""Донецький національний технічний університет""",49,252,101.333333333333,183.333333333333,137,"http://donntu.edu.ua",13600,NA,"17",17,"Донецька область",288,510,1712,4.32720588235294,6,5.1,793,61.7906683480454,206,116,-90,"Донецька область",136.803921568627,18.130222111553,136.5,272,1177
"16","Державний вищий навчальний заклад ""Івано-Франківський національний медичний університет""",NA,95,109.666666666667,197.333333333333,162.942206654991,"http://www.ifnmu.edu.ua",20783,NA,"62",62,"Івано-Франківська область",NA,571,5873,9.50430292598967,NA,NA,571,NA,16,14,-2,"Івано-Франківська область",162.807228915663,19.2704048532519,166.7,581,5522
"17","Державний вищий навчальний заклад ""Київський національний економічний університет імені Вадима Гетьмана""",25,13,103.666666666667,197.666666666667,160.1,"http://kneu.edu.ua",21300,NA,"30",30,"м. Київ",678,2540,19601,8.84519827998089,29,0.5,3792,6.59282700421941,25,4,-21,"Київ",160.444338270425,20.9667916391595,162.7,2093,18513
"18","Державний вищий навчальний заклад ""Криворізький державний педагогічний університет""",NA,NA,101,195.666666666667,143.1,"http://kdpu.edu.ua",12661,NA,"172",172,"Дніпропетровська область",316,862,3148,4.4903536977492,10,0,1443,NA,130,NA,NA,"Дніпропетровська область",143.154340836013,19.451324522474,143.7,622,2793
"19","Державний вищий навчальний заклад ""Криворізький національний університет""",16,34,102.666666666667,195,142.8,"http://knu.edu.ua",10554,NA,"70, 71",70,"Дніпропетровська область",481,958,3204,5.85150812064965,7,2.1,1753,9.12721049629207,136,NA,NA,"Дніпропетровська область",142.847641144625,19.1073734426021,143.3,431,2522
"20","Державний вищий навчальний заклад ""Національний гірничий університет""",44,76,101.333333333333,198,148.1,"http://www.nmu.org.ua",11233,NA,"28",28,"Дніпропетровська область",808,1713,8473,7.55051546391753,10,1.7,2805,15.6862745098039,74,113,39,"Дніпропетровська область",148.182474226804,20.8211194153691,147.8,970,7324
"21","Державний вищий навчальний заклад ""Національний лісотехнічний університет України""",29,291,103.333333333333,192,145.3,"http://pk.nltu.edu.ua",9816,NA,"49",49,"Львівська область",281,639,2747,10.2870813397129,10,10,1124,25.8007117437722,102,71,-31,"Львівська область",145.281499202552,20.4720558992395,144,209,2150
"22","Державний вищий навчальний заклад ""Переяслав-Хмельницький державний педагогічний університет імені Григорія Сковороди""",NA,NA,100,192.666666666667,134.2,"http://phdpu.edu.ua",10465,NA,"93",93,"Київська область",597,1079,2827,4.53929539295393,5,0,2252,NA,245,221,-24,"Київська область",134.205510388437,18.2619492113397,132.3,369,1675
"23","Державний вищий навчальний заклад ""Приазовський державний технічний університет""",40,108,100.666666666667,194.666666666667,140.1,"http://pstu.edu",8475,NA,"77",77,"Донецька область",434,975,2630,4.57590361445783,6,2.7,1600,25,169,149,-20,"Донецька область",139.755020080321,19.399252821448,138.7,415,1899
"24","Державний вищий навчальний заклад ""Придніпровська державна академія будівництва та архітектури""",6,68,103.666666666667,191.5,146.5,"http://new.pgasa.dp.ua",9750,NA,"68",68,"Дніпропетровська область",277,678,3065,5.79947916666667,11,11.3,1457,4.11805078929307,89,132,43,"Дніпропетровська область",146.638020833333,19.923746163128,145,384,2227
"25","Державний вищий навчальний заклад ""Прикарпатський національний університет імені Василя Стефаника""",88,960,100.333333333333,195.666666666667,147.1,"http://www.pu.if.ua",11277,NA,"16",16,"Івано-Франківська область",628,3007,6144,2.26076555023923,10,10.9,4632,18.9982728842832,81,89,8,"Івано-Франківська область",147.402153110048,21.4508753761079,147.3,2090,4725
"26","Державний вищий навчальний заклад ""Тернопiльський державний медичний університет iменi I.Я. Горбачевського Міністерства охорони здоров`я України""",133,129,113.666666666667,197,160.119883040936,"http://vstup.tdmu.edu.ua/",16422,NA,"54, 56",54,"Тернопільська область",NA,570,6019,8.72048611111111,NA,0.969924812030075,570,233.333333333333,23,15,-8,"Тернопільська область",160.038483796296,17.9799328424997,160.8,576,5023
"27","Державний вищий навчальний заклад ""Ужгородський національний університет""",88,894,100.666666666667,195,145.8,"http://www.uzhnu.edu.ua",12277,NA,"20, 21",20,"Закарпатська область",674,1981,10531,5.76911836337068,16,10.2,3816,23.0607966457023,94,82,-12,"Закарпатська область",148.136629322942,21.6906017258909,148,2053,11844
"28","Державний вищий навчальний заклад ""Український державний хіміко-технологічний університет""",66,673,101.666666666667,196.666666666667,138.7,"http://udhtu.edu.ua",9500,NA,"88",88,"Дніпропетровська область",244,722,4655,8.05897435897436,19,10.2,1365,48.3516483516484,188,183,-5,"Дніпропетровська область",138.674358974359,19.434278266844,136.8,390,3143
"29","Державний вищий навчальний заклад ""Херсонський державний аграрний університет""",NA,NA,104,175.666666666667,133.6,"http://www.ksau.kherson.ua",9000,NA,"135, 136",135,"Херсонська область",202,453,1872,5.2,9,0,828,NA,251,194,-57,"Херсонська область",132.888888888889,16.4771277356292,130.5,240,1248
"30","Державний заклад ""Дніпропетровська медична академія Міністерства охорони здоров'я України""",14,723,112.333333333333,196,167.533200531209,"http://www.dsma.dp.ua/ua/",31039,NA,"46",46,"Дніпропетровська область",NA,502,2982,5.93426294820717,NA,51.6428571428571,502,27.8884462151394,7,26,19,"Дніпропетровська область",167.534860557769,15.1265912704965,169.7,502,2979
"31","Державний заклад ""Луганський національний університет імені Тараса Шевченка""",9,63,100.333333333333,191.5,133.5,"http://luguniv.edu.ua",9071,NA,"52",52,"Луганська область",681,1358,3792,3.55187637969095,6,7,1358,6.62739322533137,253,187,-66,"Луганська область",133.229580573951,18.1968816724589,131,453,1609
"32","Державний заклад «Південноукраїнський національний педагогічний університет імені К.Д. Ушинського»",5,125,101.333333333333,192.666666666667,139.9,"http://www.pdpu.edu.ua",10585,NA,"53",53,"Одеська область",260,1062,4843,6.32776934749621,19,25,1762,2.83768444948922,175,196,21,"Одеська область",140.479261507334,21.3877118859691,139,659,4170
"33","Державний університет телекомунікацій",NA,NA,103,189,144.1,"http://www.dut.edu.ua",14066,NA,"127",127,"м. Київ",183,1208,6425,7.79501385041551,35,0,1673,NA,113,51,-62,"Київ",144.317636195753,19.1887574915294,143.7,722,5628
"34","Дніпропетровський державний аграрно-економічний університет",9,23,101.666666666667,198,136.3,"https://www.dsau.dp.ua/",10400,NA,"107, 108",107,"Дніпропетровська область",315,839,4104,6.04930662557781,13,2.6,1011,8.90207715133531,218,NA,NA,"Дніпропетровська область",138.373138161274,19.2565569479585,135.7,649,3926
"35","Дніпропетровський державний університет внутрішніх справ",NA,NA,101.5,188,131.8,"http://dduvs.in.ua",13650,NA,"192, 193",192,"Дніпропетровська область",NA,805,820,1,NA,0,805,NA,277,257,-20,"Дніпропетровська область",131.989512471655,17.163046419467,129.7,588,588
"36","Дніпропетровський національний університет залізничного транспорту імені академіка В. Лазаряна",11,41,102.333333333333,194.666666666667,148.1,"http://diit.edu.ua/",11372,NA,"51",51,"Дніпропетровська область",395,785,4734,10.1736972704715,12,3.7,1331,8.26446280991736,73,111,38,"Дніпропетровська область",148.050041356493,19.8647247115209,150.3,403,4100
"37","Дніпропетровський національний університет імені Олеся Гончара",263,1787,113,196,159.7,"http://www.dnu.dp.ua/",13362,NA,"11",11,"Дніпропетровська область",715,1746,15085,9.87074829931973,21,6.8,3167,83.0438901168298,27,45,18,"Дніпропетровська область",159.672108843537,17.9018192646061,160.7,1470,14510
"38","Донецький національний медичний університет",24,633,104,191,148.998198198198,"http://www.dsmu.edu.ua",NA,NA,NA,NA,"Донецька область",NA,370,1895,4.13783783783784,NA,26.375,370,64.8648648648649,67,67,0,"Донецька область",148.998198198198,15.9369994722916,152,370,1531
"39","Донецький національний університет імені Василя Стуса",128,639,104,194.666666666667,153,"http://www.donnu.edu.ua",13084,NA,"18",18,"Вінницька область",438,1243,7272,6.6751863684771,17,5,1770,72.316384180791,49,54,5,"Вінницька область",153.007454739084,20.2981727597213,155.3,939,6268
"40","Дрогобицький державний педагогічний університет імені Івана Франка",NA,NA,100,192.333333333333,147.3,"http://pk.drohobych.net",12801,NA,"249, 250",249,"Львівська область",367,894,4240,7.25143953934741,12,0,1838,NA,79,90,11,"Львівська область",147.435380678183,20.5086698382748,148,521,3778
"41","Житомирський державний технологічний університет",35,147,104.666666666667,189.666666666667,145.8,"https://vstup.ztu.edu.ua",16860,NA,"74",74,"Житомирська область",277,779,3893,6.86870897155361,14,4.2,1474,23.7449118046133,95,99,4,"Житомирська область",146.913202042305,20.7080796937477,144,457,3139
"42","Житомирський державний університет імені Івана Франка",24,28,103.5,194.666666666667,144.7,"https://zu.edu.ua",13093,NA,"83",83,"Житомирська область",333,959,4719,5.47705314009662,14,1.2,1809,13.2669983416252,110,86,-24,"Житомирська область",144.576086956522,19.5992013244464,144.2,828,4535
"43","Житомирський національний агроекологічний університет",NA,NA,100.666666666667,191.333333333333,136.3,"http://zu.edu.ua",10960,NA,"141",141,"Житомирська область",402,1399,5507,5.61699346405229,14,0,2609,NA,217,176,-41,"Житомирська область",136.444662309368,16.893615887589,134.3,765,4297
"44","Запорізький державний медичний університет",39,197,107.333333333333,199,157.718383311604,"http://zsmu.edu.ua/",17323,NA,NA,NA,"Запорізька область",NA,767,5059,5.87760416666667,NA,5.05128205128205,767,50.8474576271187,31,30,-1,"Запорізька область",157.718967013889,19.4655571688865,162,768,4514
"45","Запорізький національний технічний університет",83,192,101,194,138.9,"http://pk.zntu.edu.ua",10505,NA,"32",32,"Запорізька область",729,2192,8859,5.66304347826087,12,2.3,3728,22.2639484978541,185,148,-37,"Запорізька область",138.960423634337,19.9203274542032,136.8,1196,6773
"46","Запорізький національний університет",27,83,102,195.333333333333,145.6,"https://web.znu.edu.ua/pk/index.php",10076,NA,"43",43,"Запорізька область",264,2000,10358,6.55473472128946,39,3.1,3439,7.8511195114859,98,97,-1,"Запорізька область",145.628385941348,20.6638786960466,144,1489,9760
"47","Івано-Франківський національний технічний університет нафти і газу",59,81,102,195,149.4,"http://nung.edu.ua",10280,NA,"33",33,"Івано-Франківська область",533,1455,6324,7.10252996005326,12,1.4,2757,21.4000725426188,62,42,-20,"Івано-Франківська область",149.23546382601,21.3883094039396,149.3,751,5334
"48","Ізмаїльський державний гуманітарний університет",NA,NA,101.333333333333,186,138.9,"http://idgu.edu.ua/",12038,NA,"212, 213",212,"Одеська область",205,371,1462,4.57727272727273,7,0,585,NA,184,263,79,"Одеська область",138.649242424242,19.3452195244544,137.3,220,1007
"49","Кам'янець-Подільський національний університет імені Івана Огієнка",0,1,101,191.666666666667,143,"http://vstup.kpnu.edu.ua",9691,NA,"100",100,"Хмельницька область",409,1032,1097,1.00770416024653,3,-1,1944,0,132,121,-11,"Хмельницька область",143.075757575758,19.852351635123,144,649,654
"50","Київський національний лінгвістичний університет",NA,NA,113,197,164.9,"https://onedrive.live.com",23836,NA,"102",102,"м. Київ",335,1216,10956,8.85610347615198,33,0,1595,NA,10,6,-4,"Київ",164.909054163298,16.7176261590076,167,1237,10955
"51","Київський національний торговельно-економічний університет",41,17,101.333333333333,196.333333333333,155.5,"https://knteu.kiev.ua",20584,NA,"39, 40",39,"м. Київ",638,3871,26278,8.97183613752743,41,0.4,5863,6.99300699300699,36,16,-20,"Київ",155.447756644721,21.5058827271914,157.3,2734,24529
"52","Київський національний університет будівництва і архітектури",37,149,105.666666666667,197.5,155.3,"http://www.knuba.edu.ua/",13500,NA,"36",36,"м. Київ",696,1315,6638,6.46213808463252,10,4,2078,17.8055822906641,38,65,27,"Київ",155.293429844098,20.8223486644748,156.3,898,5803
"53","Київський національний університет імені Тараса Шевченка",1349,11024,117,199,177.2,"http://vstup.univ.kiev.ua/",33219,NA,"1",1,"м. Київ",2661,4332,44269,10.4361525704809,17,8.2,6799,198.411531107516,3,2,-1,"Київ",176.963831635473,16.0261669787978,181.3,4221,44051
"54","Київський національний університет культури і мистецтв",NA,NA,103.5,195,157.8,"http://knukim.edu.ua",NA,NA,"97",97,"м. Київ",739,1045,1052,1,1,0,1393,NA,30,57,27,"Київ",157.800661503711,20.1554223901677,158.7,1033,1033
"55","Київський національний університет театру, кіно і телебачення імені І.К. Карпенка-Карого",NA,NA,106,195,158,"http://knutkt.com.ua",24646,NA,"194",194,"м. Київ",132,288,361,1.1326164874552,3,0,456,NA,29,77,48,"Київ",158.779569892473,19.6984294875194,161,279,316
"56","Київський національний університет технологій та дизайну",55,246,100.333333333333,193,144.8,"http://knutd.edu.ua",13143,NA,"26",26,"м. Київ",449,1346,6685,8.03898050974513,15,4.5,2243,24.5207311636202,109,79,-30,"Київ",144.86331834083,20.1602484955546,143,667,5362
"57","Київський університет імені Бориса Грінченка",7,8,100,196.5,156.9,"http://kubg.edu.ua",16732,NA,"72",72,"м. Київ",511,1634,12720,9.78444084278768,25,1.1,2430,2.88065843621399,32,108,76,"Київ",156.950769854133,19.7886090016782,157.6,1234,12074
"58","Комунальний заклад ""Харківська гуманітарно-педагогічна академія"" Харківської обласної ради",NA,NA,103,182,139.6,"http://hgpa.kharkov.com",15704,NA,"261, 262",261,"Харківська область",352,471,1137,3.26353790613718,3,0,689,NA,178,NA,NA,"Харківська область",139.634175691937,17.591020118824,141.3,277,904
"59","Кременецька обласна гуманітарно-педагогічна академія ім. Тараса Шевченка",NA,NA,100.5,177.333333333333,136.7,"http://www.kogpi.edu.te.ua/",10870,NA,"209",209,"Тернопільська область",177,410,971,3.26754385964912,5,0,646,NA,209,207,-2,"Тернопільська область",136.780701754386,17.3505761941203,138.3,228,745
"60","Кременчуцький національний університет імені Михайла Остроградського",51,156,101,197,138.3,"http://www.kdu.edu.ua/",8370,NA,"41",41,"Полтавська область",260,896,2698,4.8542600896861,10,3.1,1690,30.1775147928994,192,197,5,"Полтавська область",138.285500747384,18.2981570341747,137.3,446,2165
"61","Луцький національний технічний університет",38,64,101.333333333333,188.5,142.8,"http://lutsk-ntu.com.ua",12900,NA,"67",67,"Волинська область",674,1341,6222,6.43426294820717,9,1.7,2154,17.6415970287837,134,92,-42,"Волинська область",142.743249225321,19.2226681624661,142.3,753,4845
"62","Львівський державний університет безпеки життєдіяльності",64,138,100.5,191,141,"http://ldubgd.edu.ua",11207,NA,"98",98,"Львівська область",143,398,1794,4.25255102040816,13,2.2,545,117.43119266055,156,267,111,"Львівська область",140.939200680272,19.0854907147906,141.3,392,1667
"63","Львівський державний університет внутрішніх справ",NA,NA,104.666666666667,184,140.8,"http://www2.lvduvs.edu.ua",11866,NA,"191",191,"Львівська область",NA,509,614,1,NA,0,644,NA,160,128,-32,"Львівська область",141.275815217391,16.3782981582266,141.7,368,368
"64","Львівський державний університет фізичної культури",28,42,102.5,189.333333333333,143.1,"www.ldufk.edu.ua",10500,NA,"104, 105, 106",104,"Львівська область",269,622,637,1,2,1.5,915,30.6010928961749,129,251,122,"Львівська область",143.346875,20.5031211467921,142.8,480,480
"65","Львівський національний аграрний університет",NA,NA,100.333333333333,189.5,136,"http://lu.lviv.ua",10216,NA,"175",175,"Львівська область",353,975,3539,7.5814606741573,10,0,1843,NA,222,182,-40,"Львівська область",135.936797752809,17.5480913232964,134.7,356,2699
"66","Львівський національний медичний університет імені Данила Галицького",150,748,105.666666666667,198.333333333333,166.241666666667,"http://www.meduniv.lviv.ua/",25000,NA,NA,NA,"Львівська область",NA,920,7741,8.28693790149893,NA,4.98666666666667,920,163.04347826087,9,5,-4,"Львівська область",166.106174161313,22.1306585115469,171.8,934,7740
"67","Львівський національний університет ветеринарної медицини та біотехнологій  імені С.З. Гжицького",23,215,102.333333333333,193.666666666667,147.92951907131,"http://lvet.edu.ua",9000,NA,NA,NA,"Львівська область",NA,402,4009,6.00740740740741,NA,9.34782608695652,402,57.2139303482587,75,95,20,"Львівська область",147.913991769547,19.8149114768933,149.7,405,2433
"68","Львівський національний університет імені Івана Франка",465,4185,102.333333333333,199,166.4,"http://admission.lnu.edu.ua",13456,NA,"4",4,"Львівська область",1680,4176,38360,9.57200914401829,23,9,6513,71.3956701980654,8,10,2,"Львівська область",166.474642282618,19.6715877293999,170.7,3937,37685
"69","Львівський торговельно-економічний університет",5,26,106.333333333333,184.333333333333,139.7,"http://www.lute.lviv.ua",10248,NA,"101",101,"Львівська область",NA,797,905,1.015,NA,5.2,1125,4.44444444444444,177,NA,NA,"Львівська область",139.911666666667,17.7939520981885,139.3,400,406
"70","Маріупольський державний університет",6,11,103,185,140.9,"http://mdu.in.ua",9281,NA,"116",116,"Донецька область",191,658,785,1.08196721311475,4,1.8,1054,5.69259962049336,158,152,-6,"Донецька область",140.859441408622,18.560812961441,139.7,549,594
"71","Мелітопольський державний педагогічний університет імені Богдана Хмельницького",NA,NA,106.666666666667,191.666666666667,137.2,"http://www.abitur.mdpu.org.ua",7960,NA,"130, 131",130,"Запорізька область",292,704,2426,4.9038961038961,8,0,1017,NA,203,190,-13,"Запорізька область",137.670995670996,18.8595904956768,135.7,385,1888
"72","Миколаївський національний аграрний університет",NA,NA,102.666666666667,189,132,"https://www.mu.edu.ua",7290,NA,"87",87,"Миколаївська область",197,846,2358,3.94214876033058,12,0,1203,NA,271,225,-46,"Миколаївська область",132.04476584022,16.132732955574,130,484,1908
"73","Миколаївський національний університет імені В.О. Сухомлинського",NA,NA,100.5,184,134.5,"http://mdu.edu.ua",7761,NA,"147, 148",147,"Миколаївська область",277,879,3697,5.76274165202109,13,0,1504,NA,241,188,-53,"Миколаївська область",134.654657293497,17.0627438698833,132.5,569,3279
"74","Міжнародний гуманітарний університет",48,13,102,182.666666666667,138.6,"http://mgu.edu.ua",11150,NA,"196",196,"Одеська область",NA,539,2027,4.71573604060914,NA,0.3,876,54.7945205479452,190,254,64,"Одеська область",138.760575296108,18.5534837189016,137.7,394,1858
"75","Мукачівський державний університет",5,5,102,187,133.5,"http://msu.edu.ua",10300,NA,"171",171,"Закарпатська область",96,495,1747,4.86896551724138,18,1,792,6.31313131313131,252,229,-23,"Закарпатська область",134.064942528736,17.6796783734885,132.7,290,1412
"76","Національна академія внутрішніх справ",NA,NA,101,181.333333333333,136.5,"https://www.iau.kiev.ua",18300,NA,"163",163,"м. Київ",NA,623,2139,3.86873508353222,NA,0,623,NA,212,NA,NA,"Київ",136.768098647574,16.566304299267,135,419,1621
"77","Національна металургійна академія України",32,134,100.666666666667,188.333333333333,136.2,"https://nmetau.edu.ua",NA,NA,"24",24,"Дніпропетровська область",330,956,3905,8.74358974358974,12,4.2,1985,16.1209068010076,221,169,-52,"Дніпропетровська область",136.191697191697,18.3955129890469,134,273,2387
"78","Національний авіаційний університет",299,626,104.333333333333,194,155.8,"http://u.edu.ua",19406,NA,"14",14,"м. Київ",1260,2898,27133,10.7430213464696,22,2.1,4636,64.495254529767,35,21,-14,"Київ",155.82385741653,19.8971337566671,158.7,2436,26170
"79","Національний аерокосмічний університет ім. М. Є. Жуковського ""Харківський авіаційний інститут""",133,919,106,197.333333333333,150.7,"https://www.khai.edu",11484,NA,"13",13,"Харківська область",634,1017,7561,9.45042492917847,12,6.9,1683,79.0255496137849,58,64,6,"Харківська область",150.653682719547,19.4449058188736,151.8,706,6672
"80","Національний медичний університет імені О.О. Богомольця",81,536,103,199.333333333333,169.382173382173,"http://nmu.ua/",23981,NA,NA,NA,"м. Київ",NA,1638,4384,2.12725090036014,NA,6.61728395061728,1638,49.4505494505494,5,8,3,"Київ",169.314525810324,18.5493051929637,173.3,1666,3544
"81","Національний педагогічний університет імені М.П. Драгоманова",11,35,101.666666666667,197,149.2,"http://www.vstup.npu.edu.ua",16729,NA,"37",37,"м. Київ",671,2190,18354,10.8149779735683,27,3.2,3339,3.29439952081462,65,39,-26,"Київ",149.279316131739,21.2552121029536,149,1589,17185
"82","Національний технічний університет ""Харківський політехнічний інститут""",260,1524,102.333333333333,194.333333333333,148.8,"http://vstup.kpi.kharkov.ua",9983,NA,"5",5,"Харківська область",1183,2440,18353,9.28283378746594,16,5.9,4625,56.2162162162162,69,78,9,"Харківська область",148.980744777475,21.01031100087,149,1835,17034
"83","Національний технічний університет України «Київський політехнічний інститут імені Ігоря Сікорського»",632,2393,110,198,168.3,"http://kpi.ua",23483,NA,"2-3",2,"м. Київ",3667,4962,38576,8.09243149195302,11,3.8,8100,78.0246913580247,6,3,-3,"Київ",168.29197477164,17.9200708401839,171.3,4598,37209
"84","Національний транспортний університет",22,78,100,189.333333333333,142,"http://www.ntu.edu.ua",12557,NA,"47",47,"м. Київ",356,1827,8852,6.98923766816143,25,3.5,2879,7.64154220215353,142,72,-70,"Київ",142.075485799701,17.9053941255092,141.7,1115,7793
"85","Національний університет ""Києво-Могилянська академія""",84,855,109.666666666667,198.333333333333,177.8,"http://www.ukma.edu.ua",29071,NA,"12",12,"м. Київ",432,1006,12994,12.9203980099502,30,10.2,1372,61.2244897959184,1,1,0,"Київ",177.801658374793,14.4290757345041,181,1005,12985
"86","Національний університет ""Львівська політехніка""",700,2093,112,198.666666666667,163.5,"http://www.lp.edu.ua",13619,NA,"6",6,"Львівська область",2122,4994,30349,7.04969418960245,14,3,8124,86.164451009355,14,17,3,"Львівська область",163.470650696568,17.8708051554464,165.2,3924,27663
"87","Національний університет ""Одеська морська академія""",0,-1,104,194,153.4,"http://www.onma.edu.ua",19900,NA,"114",114,"Одеська область",262,621,2841,4.49913644214162,11,NA,738,0,46,117,71,"Одеська область",153.387449625792,19.9831110890592,153.7,579,2605
"88","Національний університет ""Одеська юридична академія""",1,0,106,195.666666666667,152.8,"http://vstup.onua.edu.ua",18375,NA,"63",63,"Одеська область",219,1274,6873,7.07934655775963,31,0,2611,0.382995021064726,50,76,26,"Одеська область",152.778588098016,21.0133714362525,152.7,857,6067
"89","Національний університет ""Острозька академія""",NA,NA,110,197,162.7,"http://www.oa.edu.ua",14212,NA,"95",95,"Рівненська область",171,602,4224,7.52573529411765,25,0,887,NA,18,11,-7,"Рівненська область",162.673100490196,19.6693875370948,166,544,4094
"90","Національний університет біоресурсів і природокористування України",92,356,102.666666666667,190.666666666667,149.5,"https://nubip.edu.ua",17329,NA,"10",10,"м. Київ",1235,2647,13166,8.04019073569482,11,3.9,4629,19.8747029596025,61,73,12,"Київ",150.893051771117,19.6553743535838,151.7,1468,11803
"91","Національний університет водного господарства та природокористування",109,109,101,194.5,145.6,"http://start.nuwm.edu.ua/",15850,NA,"66",66,"Рівненська область",737,1417,6319,6.51672862453532,9,1,2532,43.0489731437599,97,84,-13,"Рівненська область",145.56175134242,19.2137823263004,145,807,5259
"92","Національний університет кораблебудування імені адмірала Макарова",28,151,104.666666666667,190.333333333333,140,"http://www.nuos.edu.ua/",NA,NA,"75",75,"Миколаївська область",414,581,3140,7.54577464788732,8,5.4,706,39.6600566572238,171,130,-41,"Миколаївська область",139.964201877934,18.918169146621,138,284,2143
"93","Національний університет фізичного виховання і спорту України",10,34,100,190.5,138.1,"http://vstup.uni-sport.edu.ua",13050,NA,"81",81,"м. Київ",290,938,2403,2.49937421777222,8,3.4,1080,9.25925925925926,195,325,130,"Київ",138.128702544848,20.100241812986,137,799,1997
"94","Національний університет харчових технологій",57,233,100,197.333333333333,146.3,"http://nuft.edu.ua",17250,NA,"19",19,"м. Київ",646,1689,1816,1.02385321100917,3,4.1,3006,18.9620758483034,92,40,-52,"Київ",146.36376146789,20.3677273808726,145.7,1090,1116
"95","Національний фармацевтичний університет",14,73,105.666666666667,185.666666666667,140.6,"http://nuph.edu.ua",9050,NA,"31",31,"Харківська область",NA,109,730,7.4954128440367,NA,5.2,1449,9.66183574879227,163,48,-115,"Харківська область",148.186544342508,19.0942134365552,146.7,327,2451
"96","Національний юридичний університет імені Ярослава Мудрого",1,0,103.333333333333,197.333333333333,161,"http://vstup.nlu.edu.ua",18000,NA,"58",58,"Харківська область",418,1199,8420,8.122,20,0,1248,0.801282051282051,20,59,39,"Харківська область",160.8395,21.098615731375,165.2,1000,8122
"97","Ніжинський державний університет імені Миколи Гоголя",NA,NA,105.666666666667,191,145.4,"http://www.ndu.edu.ua/",13127,NA,"158, 159",158,"Чернігівська область",193,425,2183,6.09880239520958,11,0,813,NA,100,81,-19,"Чернігівська область",145.464570858283,18.8152022959159,146.5,334,2037
"98","Одеська державна академія будівництва та архітектури",18,57,102,194.5,147.5,"http://www.ogasa.org.ua",12419,NA,"96",96,"Одеська область",316,554,1427,3.36728395061728,5,3.2,1116,16.1290322580645,77,177,100,"Одеська область",147.438271604938,22.1872243328089,147,324,1091
"99","Одеська національна академія харчових технологій",39,50,102,188,140.4,"https://www.oft.edu.ua/",11085,NA,"56",56,"Одеська область",307,1291,6567,7.21739130434783,21,1.3,2054,18.9873417721519,166,158,-8,"Одеська область",140.36038647343,19.2790366419516,138.7,690,4980
"100","Одеський державний аграрний університет",NA,NA,102,193.666666666667,136.4,"http://osau.edu.ua",NA,NA,"207",207,"Одеська область",91,330,1584,7.65686274509804,17,0,737,NA,214,205,-9,"Одеська область",137.360294117647,19.8954012922243,135,204,1562
"101","Одеський державний університет внутрішніх справ",NA,NA,100.5,176,129.1,"http://oduvs.edu.ua",17872,NA,"224",224,"Одеська область",NA,552,1242,2.83620689655172,NA,0,582,NA,299,281,-18,"Одеська область",128.986590038314,15.5907673277062,127,348,987
"102","Одеський національний економічний університет",NA,NA,103,194.333333333333,150.8,"http://oneu.edu.ua",13395,NA,"111, 112",111,"Одеська область",100,572,4008,7.80321285140562,40,0,1151,NA,57,44,-13,"Одеська область",150.792168674699,20.8104308997235,150.7,498,3886
"103","Одеський національний медичний університет",1,191,101.666666666667,197.333333333333,164.019091847265,"http://onmedu.edu.ua/",20380,NA,NA,NA,"Одеська область",NA,646,5032,7.02927580893683,NA,191,646,1.54798761609907,13,34,21,"Одеська область",163.996404725218,16.9872229908708,167.7,649,4562
"104","Одеський національний морський університет",12,30,103.666666666667,195.666666666667,143.6,"http://www.osmu.odessa.ua",13900,NA,"104, 105, 106",104,"Одеська область",181,897,4585,5.35846560846561,25,2.5,897,13.3779264214047,124,101,-23,"Одеська область",143.582231040564,20.2087477752101,142.3,756,4051
"105","Одеський національний політехнічний університет",68,204,103.666666666667,194,151.1,"http://opu.ua/",17156,NA,"22",22,"Одеська область",743,1452,11416,8.65979381443299,15,3,2521,26.9734232447441,55,NA,NA,"Одеська область",151.057130584192,20.4881551981775,151,1164,10080
"106","Одеський національний університет імені І. І. Мечникова",146,2348,100.666666666667,197,155.3,"http://onu.edu.ua",16244,NA,"8",8,"Одеська область",294,1211,11172,9.64937388193202,38,16.1,1903,76.7209668943773,37,24,-13,"Одеська область",156.153249850924,20.7757926683843,158,1118,10788
"107","Полтавська державна аграрна академія",44,58,100,194.333333333333,136.9,"https://www.pdaa.edu.ua",NA,NA,"99",99,"Полтавська область",327,1065,3756,5.19171779141104,11,1.3,2092,21.0325047801147,207,150,-57,"Полтавська область",138.365797546012,19.0153236576631,136.7,652,3385
"108","Полтавський національний педагогічний університет імені В.Г. Короленка",2,12,102,194,139.9,"pnpu.edu.ua",9993,NA,"132",132,"Полтавська область",322,1021,4584,5.3341935483871,14,6,2235,0.894854586129754,174,134,-40,"Полтавська область",139.900430107527,18.9719544539035,138.3,775,4134
"109","Полтавський національний технічний університет імені Юрія Кондратюка",129,202,103.333333333333,193.666666666667,145.4,"http://pntu.edu.ua",10180,NA,"57",57,"Полтавська область",339,946,3936,6.07347670250896,12,1.6,1804,71.5077605321508,101,125,24,"Полтавська область",145.40890083632,20.9465068314642,144.2,558,3389
"110","Приватне акціонерне товариство ""Вищий навчальний заклад ""Міжрегіональна Академія управління персоналом""",17,31,101,182,131.3,"http://maup.com.ua",13800,NA,"152, 153",152,"м. Київ",NA,1018,2097,3.94915254237288,NA,1.8,1913,8.88656560376372,280,287,7,"Київ",131.33945386064,16.5707260398794,129.8,354,1398
"111","ПРИВАТНИЙ ВИЩИЙ НАВЧАЛЬНИЙ ЗАКЛАД ""КИЇВСЬКИЙ МЕДИЧНИЙ УНІВЕРСИТЕТ""",-1,-27,103,183,144.032051282051,"http://kmu.edu.ua/",24700,NA,NA,NA,"м. Київ",NA,208,1678,6.70673076923077,NA,27,208,-4.80769230769231,115,126,11,"Київ",144.032852564103,16.3650359385703,144.5,208,1395
"112","Приватний вищий навчальний заклад ""Київський університет культури""",NA,NA,102.5,190,137.1,"http://kuk-university.com/",NA,NA,NA,500,"м. Київ",NA,1058,3240,3.62714097496706,NA,0,1058,NA,204,NA,NA,"Київ",137.292050944225,17.3428186716888,135,759,2753
"113","Приватний вищий навчальний заклад ""Міжнародний економіко-гуманітарний університет імені академіка Степана Дем'янчука""",NA,NA,101,189.333333333333,128,"http://www.regi.rovno.ua",8691,NA,"174",174,"Рівненська область",NA,454,1883,1.06514657980456,NA,0,776,NA,310,330,20,"Рівненська область",131.937160694897,16.6339984321201,130,1228,1308
"114","Рівненський державний гуманітарний університет",NA,NA,102,193,143.8,"http://www.rshu.edu.ua/",13882,NA,"164",164,"Рівненська область",451,1185,6852,8.37589670014347,15,0,2162,NA,122,104,-18,"Рівненська область",143.80224772836,18.910285260107,144,697,5838
"115","Сумський державний педагогічний університет імені А.С. Макаренка",NA,NA,103,186.666666666667,140.6,"sspu.sumy.ua/",9141,NA,"154",154,"Сумська область",255,740,2957,5.25536480686695,12,0,1464,NA,162,129,-33,"Сумська область",140.631258941345,19.6267713441039,139.8,466,2449
"116","Сумський державний університет",416,1881,102.5,195.333333333333,152.3,"sumdu.edu.ua",14485,NA,"7",7,"Сумська область",644,1198,6737,6.10723626852659,10,4.5,2736,152.046783625731,52,88,36,"Сумська область",153.757192676548,20.8117972537114,154.3,1147,7005
"117","Сумський національний аграрний університет",14,55,101.333333333333,188,137.4,"http://www.sau.sumy.ua",NA,NA,"80",80,"Сумська область",554,1160,3607,5.83685220729367,7,3.9,2267,6.17556241729157,199,198,-1,"Сумська область",137.934740882917,18.5534860381773,138,521,3041
"118","Східноєвропейський національний університет імені Лесі Українки",4,542,103,197.333333333333,154.6,"http://eenu.edu.ua",17180,NA,"45",45,"Волинська область",718,1744,10878,7.14614243323442,15,135.5,2954,1.354096140826,41,62,21,"Волинська область",154.638353115727,20.512780170352,156.7,1348,9633
"119","Східноукраїнський національний університет імені Володимира Даля",0,181,100.5,183.666666666667,137,"https://snu.edu.ua",10138,NA,"146",146,"Луганська область",424,1067,2963,4.42679900744417,7,-1,1893,0,205,167,-38,"Луганська область",136.332506203474,18.6358873040822,134,403,1784
"120","Таврійський державний агротехнологічний університет",12,3,102.333333333333,189,134.6,"http://www.tsatu.edu.ua",8583,NA,"90",90,"Запорізька область",425,989,2415,4.59673024523161,6,0.2,1772,6.77200902934537,238,260,22,"Запорізька область",134.844232515895,19.2815721553313,131.3,367,1687
"121","Таврійський національний університет імені В.І.Вернадського",NA,NA,104.5,190.5,154,"http://www.tnu.edu.ua",14131,NA,"238, 239",238,"м. Київ",277,526,3625,10.1771771771772,13,0,799,NA,44,102,58,"Київ",153.958958958959,19.4969915980942,158,333,3389
"122","Тернопільський національний економічний університет",65,199,102,195,148.3,"http://www.tneu.edu.ua/",NA,NA,"27",27,"Тернопільська область",546,1935,9591,7.76008064516129,18,3.1,2625,24.7619047619048,71,47,-24,"Тернопільська область",148.280241935484,20.3036853397655,148,992,7698
"123","Тернопільський національний педагогічний університет імені Володимира Гнатюка",6,70,104,195.333333333333,153.2,"http://tnpu.edu.ua",17689,NA,"59",59,"Тернопільська область",509,948,5195,7.7801652892562,10,11.7,2044,2.93542074363992,47,60,13,"Тернопільська область",153.287603305785,20.6351416666089,154.7,605,4707
"124","Тернопільський національний технічний університет імені Івана Пулюя",1,152,105,195,146.4,"http://tntu.edu.ua",11600,NA,"38",38,"Тернопільська область",491,1098,5922,8.97167755991285,12,152,1922,0.520291363163372,91,122,31,"Тернопільська область",146.491648511256,19.2839583200514,147.3,459,4118
"125","Українська академія друкарства",11,40,104.5,192.5,151,"http://www.uad.lviv.ua",7500,NA,"144",144,"Львівська область",195,482,1864,6.34042553191489,10,3.6,827,13.3010882708585,56,75,19,"Львівська область",151.184397163121,20.6162719033295,150.5,235,1490
"126","Українська інженерно-педагогічна академія",11,8,104,190,132.3,"http://www.uipa.edu.ua",7500,NA,"64, 65",64,"Харківська область",134,535,1902,5.20675105485232,14,0.7,1374,8.00582241630277,268,268,0,"Харківська область",132.333333333333,18.1255040841651,129.3,237,1234
"127","Український державний університет залізничного транспорту",6,42,100.333333333333,191.666666666667,139.9,"http://www.kart.edu.ua",9400,NA,"60, 61",60,"Харківська область",377,1293,3849,7.35233160621762,10,7,2876,2.08623087621697,172,174,2,"Харківська область",140.137305699482,18.8617014651149,139.7,386,2838
"128","Уманський державний педагогічний університет імені Павла Тичини",5,30,102,192.666666666667,135.2,"https://udpu.org.ua/",NA,NA,"70, 71",70,"Черкаська область",490,2032,4494,3.05425400739827,9,6,3959,1.26294518817883,232,181,-51,"Черкаська область",135.284422523633,17.6796638223852,134,811,2477
"129","Уманський національний університет садівництва",23,8,102.666666666667,194,133.3,"http://admission.udau.edu.ua",10980,NA,"91",91,"Черкаська область",302,816,2857,5.84143222506394,9,0.3,1612,14.2679900744417,254,220,-34,"Черкаська область",133.725490196078,16.9057958295214,131.3,391,2284
"130","Університет державної фіскальної служби України",NA,NA,101.5,181.666666666667,145.2,"http://www.nusta.edu.ua",12768,NA,"137, 138",137,"Київська область",187,896,1874,2.85119047619048,10,0,1485,NA,103,29,-74,"Київська область",145.381613756614,18.5936808409767,147.4,504,1437
"131","Університет митної справи та фінансів",NA,NA,103.666666666667,190,147,"http://umsf.dp.ua",10700,NA,"173",173,"Дніпропетровська область",77,600,4317,7.83518518518519,56,0,1142,NA,84,31,-53,"Дніпропетровська область",147.019444444444,18.5529095839466,147.7,540,4231
"132","Харківська державна академія дизайну і мистецтв",NA,NA,104.5,196,156.7,"http://www.ksada.org/index.html",15791,2016,"169",169,"Харківська область",103,281,287,1,3,0,400,NA,34,139,105,"Харківська область",156.198430493274,21.8967074482695,159,223,223
"133","Харківська державна академія культури",NA,NA,100.5,189,145.1,"http://www.ic.ac.kharkov.ua/",10233,NA,"143",143,"Харківська область",223,392,1374,3.5390625,6,0,392,NA,106,159,53,"Харківська область",145.272135416667,20.2781807525526,145,384,1359
"134","Харківська державна академія фізичної культури",NA,NA,102.5,189.666666666667,130.7,"http://www.hdafk.kharkov.ua/",13350,NA,"252",252,"Харківська область",199,384,708,2.05223880597015,4,0,545,NA,283,381,98,"Харківська область",131.142412935323,16.4375048347412,127.8,268,550
"135","Харківський національний автомобільно-дорожній університет",12,46,101.333333333333,176.333333333333,129.1,"http://www.khadi.kharkov.ua",9800,NA,"48",48,"Харківська область",53,523,3743,7.11007025761124,71,3.8,884,13.5746606334842,297,215,-82,"Харківська область",134.377049180328,18.1759689306225,131.7,427,3036
"136","Харківський національний аграрний університет ім. В.В. Докучаєва",1,1,102.333333333333,180,137.2,"http://www.ku.kharkov.ua",6500,NA,"128",128,"Харківська область",218,422,2318,6.39189189189189,11,1,1002,0.998003992015968,202,262,60,"Харківська область",137.289414414414,16.7955453412329,137,296,1892
"137","Харківський національний економічний університет імені Семена Кузнеця",26,26,101.333333333333,196,155.2,"http://www.hneu.edu.ua",9972,NA,"54, 55",54,"Харківська область",250,1151,8400,8.42050209205021,34,1,2114,12.2989593188269,39,37,-2,"Харківська область",155.240760111576,19.9825753514512,156.5,956,8050
"138","Харківський національний медичний університет",5,206,111.666666666667,197,164.709857723577,"http://www.knmu.kharkov.ua/",21937,NA,NA,NA,"Харківська область",NA,656,5786,8.48170731707317,NA,41.2,656,7.6219512195122,11,18,7,"Харківська область",164.709857723577,18.2159694047221,170,656,5564
"139","Харківський національний педагогічний університет імені Г.С. Сковороди",NA,NA,100,190.333333333333,146.8,"http://pu.ac.kharkov.ua/",11000,NA,"110",110,"Харківська область",306,946,5967,7.74794520547945,20,0,1364,NA,86,141,55,"Харківська область",146.995662100457,21.1184382864998,146.8,730,5656
"140","Харківський національний технічний університет сільського господарства імені Петра Василенка",10,5,101.666666666667,188.666666666667,131.9,"http://www.khntusg.com.ua",6800,NA,"86",86,"Харківська область",388,947,3213,5.75058823529412,8,0.5,1752,5.70776255707763,273,292,19,"Харківська область",132.09568627451,17.3453255777515,129,425,2444
"141","Харківський національний університет будівництва та архітектури",11,4,103.333333333333,193,144.5,"http://www.kstuca.kharkov.ua",9333,NA,"117",117,"Харківська область",188,529,2180,5.76875,12,0.4,1140,9.64912280701754,112,136,24,"Харківська область",144.683333333333,20.5333296014327,144,320,1846
"142","Харківський національний університет внутрішніх справ",9,6,101,180.5,130.6,"http://www.univd.edu.ua",13400,NA,"139, 140",139,"Харківська область",NA,519,2541,3.66205533596838,NA,0.7,628,14.3312101910828,284,265,-19,"Харківська область",131.055994729908,16.7330803587828,129.2,506,1853
"143","Харківський національний університет імені В.Н. Каразіна",768,5527,103.333333333333,198,164.1,"http://start.karazin.ua",16800,NA,"2-3",2,"Харківська область",972,2130,20010,9.57069288389513,21,7.2,3693,207.961007311129,12,13,1,"Харківська область",164.196239076155,19.3725267456336,167.7,2136,20443
"144","Харківський національний університет мистецтв імені І.П. Котляревського",NA,NA,108,191,152.8,"http://dum.kharkov.ua",17200,NA,"177, 178",177,"Харківська область",145,146,292,1.28318584070796,2,0,236,NA,51,170,119,"Харківська область",149.856194690265,20.9110365679024,148.2,226,290
"145","Харківський національний університет міського господарства імені О.М. Бекетова",89,156,103.333333333333,194,141.2,"http://abit.kme.edu.ua",12825,NA,"50",50,"Харківська область",469,1693,7643,7.13651498335183,16,1.8,2384,37.3322147651007,150,162,12,"Харківська область",141.283573806881,19.7116268003163,139.3,901,6430
"146","Харківський національний університет радіоелектроніки",251,781,100.333333333333,196.333333333333,160.1,"http://nure.ua/uk",10900,NA,"15",15,"Харківська область",1057,1634,9179,6.56003223207091,9,3.1,2704,92.8254437869822,24,28,4,"Харківська область",160.06983615364,20.2082427728825,163,1241,8141
"147","Херсонська державна морська академія",NA,NA,100,192.333333333333,141.1,"http://kma.ks.ua",19340,NA,"210",210,"Херсонська область",116,929,2095,4.07581227436823,18,0,1294,NA,153,269,116,"Херсонська область",141.197352587244,21.6091293118528,137.3,277,1129
"148","Херсонський державний університет",25,101,101,195.333333333333,141.1,"http://www.kspu.edu",12245,NA,"64, 65",64,"Херсонська область",382,1205,3682,3.61290322580645,10,4,1967,12.709710218607,152,156,4,"Херсонська область",141.170967741935,19.696216830667,140.3,930,3360
"149","Херсонський національний технічний університет",NA,NA,105.333333333333,191.666666666667,144.1,"http://kntu.net.ua",10800,NA,"111, 112",111,"Херсонська область",198,530,2558,5.87066246056782,13,0,1168,NA,114,140,26,"Херсонська область",144.229232386961,20.0764500697879,143,317,1861
"150","Хмельницький національний університет",46,197,101,190.666666666667,140.3,"http://prk.khnu.km.ua",11857,NA,"29",29,"Хмельницька область",446,1592,7565,5.8117048346056,17,4.3,2658,17.306245297216,167,124,-43,"Хмельницька область",140.416313259825,19.2731416356861,138.3,1179,6852
"151","Центральноукраїнський державний педагогічний університет імені Володимира Винниченка (Кіровоградський державний педагогічний університет імені Володимира Винниченка)",0,7,101,194.666666666667,144.6,"http://www.kspu.kr.ua/",12886,NA,"92",92,"Кіровоградська область",360,857,3256,4.68818897637795,9,-1,1408,0,111,133,22,"Кіровоградська область",144.616010498688,20.5510319694329,145.3,635,2977
"152","Центральноукраїнський національний технічний університет",41,34,101.333333333333,190.333333333333,137.6,"http://www.kntu.kr.ua",11500,NA,"84",84,"Кіровоградська область",370,718,2788,5.67647058823529,8,0.8,1265,32.4110671936759,197,199,2,"Кіровоградська область",137.643382352941,20.046314484035,136,272,1544
"153","Черкаський державний технологічний університет",11,6,104.333333333333,194.333333333333,143.9,"https://chdtu.edu.ua",11300,NA,"129",129,"Черкаська область",339,764,3539,7.08785529715762,10,0.5,1536,7.16145833333333,118,119,1,"Черкаська область",143.949181739879,19.0490156860948,142.3,387,2743
"154","Черкаський національний університет імені Богдана Хмельницького",0,221,103.5,193,147,"https://www.cdu.edu.ua",14059,NA,"39, 40",39,"Черкаська область",382,1179,6252,6.0398740818468,16,-1,1961,0,82,69,-13,"Черкаська область",146.998950682057,19.7074201811304,147,953,5756
"155","Чернівецький національний університет імені Юрія Федьковича",236,1952,100.5,197,151.9,"http://vstup.chnu.edu.ua",14803,NA,"9",9,"Чернівецька область",1064,3326,19944,7.59586776859504,19,8.3,5486,43.018592781626,53,58,5,"Чернівецька область",152.165220385675,21.9223633407342,153.3,2420,18382
"156","Чернівецький торговельно - економічний інститут Київського національного торговельно - економічного університету",NA,NA,101.333333333333,188,140.7,"http://www.chtei-knteu.cv.ua",11992,NA,NA,500,"Чернівецька область",65,535,1935,7.46046511627907,30,0,836,NA,161,109,-52,"Чернівецька область",141.111627906977,20.5649427014434,138.7,215,1604
"157","Чернігівський національний педагогічний університет імені Т.Г. Шевченка",NA,NA,100.5,197.333333333333,143.2,"http://chnpu.edu.ua",NA,NA,"170",170,"Чернігівська область",368,654,2795,5.26131687242798,8,0,1200,NA,126,106,-20,"Чернігівська область",143.357338820302,19.6493340794267,143.4,486,2557
"158","Чернігівський національний технологічний університет",54,165,102.333333333333,193.333333333333,145.2,"http://www.stu.cn.ua",NA,NA,"60, 61",60,"Чернігівська область",406,1320,5651,6.12630208333333,14,3.1,2365,22.8329809725159,104,70,-34,"Чернігівська область",145.2734375,20.6011062260729,144.3,768,4705
"159","Чорноморський національний університет імені Петра Могили",29,50,100,192,147.4,"https://chmnu.edu.ua",NA,NA,"121",121,"Миколаївська область",248,867,3965,4.72033898305085,16,1.7,1426,20.3366058906031,78,61,-17,"Миколаївська область",147.497376916868,20.5693937548257,148.7,826,3899
